{
	"format_version": "1.8.0",
	"animations": {
		"animation.zilla.walk": {
			"loop": true,
			"animation_length": 2,
			"bones": {
				"Zilla": {
					"position": {
						"0.0": [0, 0, 0],
						"0.25": [0, 1, 0],
						"0.5": [0, 2, 0],
						"1.0": [0, 0, 0],
						"1.25": [0, 1, 0],
						"1.5": [0, 2, 0],
						"2.0": [0, 0, 0]
					}
				},
				"body": {
					"rotation": {
						"0.0": {
							"post": [5, 0, 0],
							"lerp_mode": "catmullrom"
						},
						"0.5833": {
							"post": [0, 0, 2.5],
							"lerp_mode": "catmullrom"
						},
						"1.0": {
							"post": [5, 0, 0],
							"lerp_mode": "catmullrom"
						},
						"1.5833": {
							"post": [0, 0, -2.5],
							"lerp_mode": "catmullrom"
						},
						"2.0": {
							"post": [5, 0, 0],
							"lerp_mode": "catmullrom"
						}
					}
				},
				"tail2": {
					"rotation": {
						"0.0": [2.44904, -2.36254, -0.48012],
						"0.5": [-2.5, 5, 0],
						"1.0": [2.5, 2.5, 0],
						"1.5": [-2.5, -5, 0],
						"2.0": [2.44904, -2.36254, -0.48012]
					}
				},
				"tail3": {
					"rotation": {
						"0.0": [0, -5, 0],
						"0.75": [-7.5, 0, 0],
						"1.0": [0, 5, 0],
						"1.75": [-7.43885, -0.12185, 0.95662],
						"2.0": [0, -5, 0]
					}
				},
				"bodyl": {
					"rotation": {
						"0.0": [2.5, 0, 0],
						"0.5": [0, 0, 0],
						"1.5": [0, 0, 0],
						"2.0": [2.5, 0, 0]
					}
				},
				"neck": {
					"rotation": {
						"0.0": [-2.5, 0, 0],
						"1.0": [0, 0, 0],
						"2.0": [-2.5, 0, 0]
					}
				},
				"jaw": {
					"rotation": {
						"0.0": [0, 0, 0],
						"1.0": [5, 0, 0],
						"2.0": [0, 0, 0]
					}
				},
				"finger": {
					"rotation": {
						"0.0": [5, 0, 0],
						"0.5833": [-5, 0, 0],
						"1.0": [5, 0, 0],
						"1.5833": [-5, 0, 0],
						"2.0": [5, 0, 0]
					}
				},
				"bone13": {
					"rotation": {
						"0.0": [0, 0, 0],
						"1.0": [7.5, 0, 0],
						"2.0": [0, 0, 0]
					}
				},
				"finger2": {
					"rotation": {
						"0.0": [5, 0, 0],
						"0.5833": [-5, 0, 0],
						"1.0": [5, 0, 0],
						"1.5833": [-5, 0, 0],
						"2.0": [5, 0, 0]
					}
				},
				"bone15": {
					"rotation": {
						"0.0": [0, 0, 0],
						"1.0": [7.5, 0, 0],
						"2.0": [0, 0, 0]
					}
				},
				"Rleg": {
					"rotation": {
						"0.0": [-35, 0, 0],
						"0.5": [0, 0, 0],
						"1.0": [20, 0, 0],
						"1.5": [-5, 0, 0],
						"2.0": [-35, 0, 0]
					},
					"position": {
						"0.0": [0, 0, 0],
						"0.25": [0, 0, 0],
						"0.5": [0, -2, 0],
						"1.0": [0, 0, 0],
						"1.5": [0, 0, 0],
						"2.0": [0, 0, 0]
					}
				},
				"bone": {
					"rotation": {
						"0.0": [0, 0, 0],
						"0.5": [0, 0, 0],
						"1.0": [-12.5, 0, 0],
						"1.5": [5, 0, 0],
						"2.0": [0, 0, 0]
					}
				},
				"bone2": {
					"rotation": {
						"0.0": [25, 0, 0],
						"0.5": [0, 0, 0],
						"1.0": [-7.5, 0, 0],
						"1.25": [-11.25, 0, 0],
						"1.5": [-20, 0, 0],
						"2.0": [25, 0, 0]
					}
				},
				"bone3": {
					"rotation": {
						"0.0": [10, 0, 0],
						"0.5": [0, 0, 0],
						"1.0": [0, 0, 0],
						"1.5": [20, 0, 0],
						"2.0": [10, 0, 0]
					}
				},
				"bone6": {
					"rotation": {
						"0.0": [0, 0, 0],
						"0.5": [0, 0, 0],
						"1.0": [0, 0, 0],
						"1.5": [15, 0, 0],
						"2.0": [0, 0, 0]
					}
				},
				"bone5": {
					"rotation": {
						"0.0": [0, 0, 0],
						"0.5": [0, 0, 0],
						"1.0": [0, 0, 0],
						"1.5": [0, 25, 0],
						"1.75": [0, 25, 0],
						"2.0": [0, 0, 0]
					}
				},
				"bone4": {
					"rotation": {
						"0.0": [0, 0, 0],
						"0.5": [0, 0, 0],
						"1.0": [0, 0, 0],
						"1.5": [0, -25, 0],
						"1.75": [0, -25, 0],
						"2.0": [0, 0, 0]
					}
				},
				"Rleg2": {
					"rotation": {
						"0.0": [20, 0, 0],
						"0.5": [-5, 0, 0],
						"1.0": [-35, 0, 0],
						"1.5": [0, 0, 0],
						"2.0": [20, 0, 0]
					},
					"position": {
						"0.0": [0, 0, 0],
						"0.5": [0, 0, 0],
						"1.0": [0, 0, 0],
						"1.25": [0, 0, 0],
						"1.5": [0, -2, 0],
						"2.0": [0, 0, 0]
					}
				},
				"bone7": {
					"rotation": {
						"0.0": [-12.5, 0, 0],
						"0.5": [5, 0, 0],
						"1.0": [0, 0, 0],
						"1.5": [0, 0, 0],
						"2.0": [-12.5, 0, 0]
					}
				},
				"bone8": {
					"rotation": {
						"0.0": [-7.5, 0, 0],
						"0.25": [-11.25, 0, 0],
						"0.5": [-15, 0, 0],
						"1.0": [25, 0, 0],
						"1.5": [0, 0, 0],
						"2.0": [-7.5, 0, 0]
					}
				},
				"bone9": {
					"rotation": {
						"0.0": [0, 0, 0],
						"0.5": [20, 0, 0],
						"1.0": [10, 0, 0],
						"1.5": [0, 0, 0],
						"2.0": [0, 0, 0]
					}
				},
				"bone10": {
					"rotation": {
						"0.0": [0, 0, 0],
						"0.5": [15, 0, 0],
						"1.0": [0, 0, 0],
						"1.5": [0, 0, 0],
						"2.0": [0, 0, 0]
					}
				},
				"bone11": {
					"rotation": {
						"0.0": [0, 0, 0],
						"0.5": [0, 25, 0],
						"0.75": [0, 25, 0],
						"1.0": [0, 0, 0],
						"1.5": [0, 0, 0],
						"2.0": [0, 0, 0]
					}
				},
				"bone12": {
					"rotation": {
						"0.0": [0, 0, 0],
						"0.5": [0, -25, 0],
						"0.75": [0, -25, 0],
						"1.0": [0, 0, 0],
						"1.5": [0, 0, 0],
						"2.0": [0, 0, 0]
					}
				}
			}
		},
		"animation.zilla.idle": {
			"loop": true,
			"animation_length": 2,
			"bones": {
				"body": {
					"rotation": {
						"0.0": {
							"post": [0, 0, 0],
							"lerp_mode": "catmullrom"
						},
						"1.0": {
							"post": [5, 0, 0],
							"lerp_mode": "catmullrom"
						},
						"2.0": {
							"post": [0, 0, 0],
							"lerp_mode": "catmullrom"
						}
					}
				},
				"tail2": {
					"rotation": {
						"0.0": [0, 2.5, 0],
						"1.0": [0, -2.5, 0],
						"2.0": [0, 2.5, 0]
					}
				},
				"tail3": {
					"rotation": {
						"0.0": [0, 5, 0],
						"0.5": [0, 2.5, 0],
						"1.0": [0, -5, 0],
						"1.5": [0, -2.5, 0],
						"2.0": [0, 5, 0]
					}
				},
				"tail4": {
					"rotation": {
						"0.0": [0, 7.5, 0],
						"1.0": [0, -7.5, 0],
						"2.0": [0, 7.5, 0]
					}
				},
				"tail5": {
					"rotation": {
						"0.0": [0, 10, 0],
						"0.3333": [0, 7.5, 0],
						"1.0": [0, -10, 0],
						"1.3333": [0, -7.5, 0],
						"2.0": [0, 10, 0]
					}
				},
				"tail6": {
					"rotation": {
						"0.0": [0, 20, 0],
						"0.5833": [0, 10, 0],
						"1.0": [0, -20, 0],
						"1.4167": [0, -10, 0],
						"2.0": [0, 20, 0]
					}
				},
				"bodyl": {
					"rotation": {
						"0.0": [2.5, 0, 0],
						"0.5": [0, 0, 0],
						"1.0": [2.5, 0, 0],
						"1.5": [2.5, 0, 0],
						"2.0": [2.5, 0, 0]
					}
				},
				"neck": {
					"rotation": {
						"0.0": [0, 0, 0],
						"0.5": [0, 0, 0],
						"1.0": [-2.414, 0.38603, 0.82271],
						"1.5": [0, 0, 0],
						"2.0": [0, 0, 0]
					}
				},
				"jaw": {
					"rotation": {
						"0.0": [0, 0, 0],
						"1.0": [10, 0, 0],
						"2.0": [0, 0, 0]
					}
				},
				"finger": {
					"rotation": {
						"0.0": [0, 0, 0],
						"1.0": [5, 0, 0],
						"2.0": [0, 0, 0]
					}
				},
				"finger2": {
					"rotation": {
						"0.0": [0, 0, 0],
						"1.0": [5, 0, 0],
						"2.0": [0, 0, 0]
					}
				}
			}
		},
		"animation.zilla.attack": {
			"animation_length": 1,
			"bones": {
				"body": {
					"rotation": {
						"0.0": {
							"post": [5, 0, 0],
							"lerp_mode": "catmullrom"
						},
						"0.5": {
							"post": [-2.5, 2.5, 2.5],
							"lerp_mode": "catmullrom"
						},
						"0.75": {
							"post": [7.5, -12.5, 5],
							"lerp_mode": "catmullrom"
						},
						"1.0": {
							"post": [5, 0, 0],
							"lerp_mode": "catmullrom"
						}
					}
				},
				"tail2": {
					"rotation": {
						"0.0": [0, 0, 0],
						"0.5": [0, 5, 0],
						"0.75": [0, 0, 0],
						"1.0": [0, 0, 0]
					}
				},
				"tail3": {
					"rotation": {
						"0.0": [0, 0, 0],
						"0.25": [0, 2.5, 0],
						"0.5": [0, 5, 0],
						"0.75": [0, -2.5, 0],
						"1.0": [0, 0, 0]
					}
				},
				"tail4": {
					"rotation": {
						"0.0": [0, 0, 0],
						"0.5": [1.60567, 7.09012, -1.10139],
						"0.75": [0.8, -3.95, -0.55],
						"1.0": [0, 0, 0]
					}
				},