{
	"format_version": "1.8.0",
	"animations": {
		"animation.brontornis.attack": {
			"loop": true,
			"animation_length": 1.25,
			"bones": {
				"bone": {
					"rotation": {
						"0.0": [10, 0, 0],
						"0.5": [-10, 0, 0],
						"1.0": [7.5, 0, 0]
					}
				},
				"bone2": {
					"rotation": {
						"0.0": [20, 0, 0],
						"0.5": [-17.5, 0, 0],
						"1.0": [32.5, 0, 0]
					}
				},
				"bone3": {
					"rotation": {
						"0.0": [-12.1273, 0.84094, 1.60825],
						"1.0": [41.8699, 0.98712, 7.78246],
						"1.25": [-23.13047, -0.97805, 3.18461]
					}
				},
				"bone6": {
					"rotation": {
						"0.0": [0, 0, 0],
						"0.5": [92.5, 0, 0],
						"1.0": [-12.5, 0, 0]
					}
				},
				"bone5": {
					"rotation": {
						"0.0": [0, -5, 0],
						"0.5": [0, -90, 0],
						"1.0": [0, 10, 0]
					}
				},
				"bone10": {
					"rotation": {
						"0.0": [0, -7.5, 0],
						"0.5": [0, 72.5, 0],
						"1.0": [0, -15, 0]
					}
				}
			}
		},
		"animation.brontornis.walk": {
			"loop": true,
			"animation_length": 1,
			"bones": {
				"bone": {
					"rotation": {
						"0.0": [0, 0, 0],
						"0.5": [12.5, 0, 0],
						"1.0": [0, 0, 0]
					}
				},
				"bone2": {
					"rotation": {
						"0.0": [12.5, 0, 0],
						"0.25": [-2, 0, 0],
						"0.9167": [12.5, 0, 0]
					}
				},
				"bone3": {
					"rotation": {
						"0.0": [-20, 0, 0],
						"0.5": [-5, 0, 0],
						"0.75": [-20, 0, 0]
					}
				},
				"bone4": {
					"rotation": {
						"0.0": [15, 0, 0],
						"0.125": [-5, 0, 0],
						"1.0": [15, 0, 0]
					}
				},
				"bone11": {
					"rotation": {
						"0.0": [42.5, 0, 0],
						"0.5": [-22.5, 0, 0],
						"1.0": [37.5, 0, 0]
					}
				},
				"bone12": {
					"rotation": {
						"0.0": [7.32454, 0.8775, -1.29949],
						"0.25": [-50.17546, 0.8775, -1.29949],
						"0.5": [7.32454, 0.8775, -1.29949]
					}
				},
				"bone13": {
					"rotation": {
						"0.0": [107.5, 0, 0],
						"0.25": [122.5, 0, 0],
						"0.5": [17.5, 0, 0],
						"0.75": [-15, 0, 0],
						"1.0": [102.5, 0, 0]
					}
				},
				"bone7": {
					"rotation": {
						"0.0": [-25, 0, 0],
						"0.5": [40, 0, 0],
						"1.0": [-22.5, 0, 0]
					}
				},
				"bone8": {
					"rotation": {
						"0.0": [-20, 0, 0],
						"0.5": [5, 0, 0],
						"0.75": [-66.24994, 0.01899, -0.01661],
						"1.0": [-17.49988, 0.03798, -0.03322]
					}
				},
				"bone9": {
					"rotation": {
						"0.0": [52.5, 0, 0],
						"0.25": [1.25, 0, 0],
						"0.5": [105, 0, 0],
						"0.75": [138.7499, -0.04252, -0.01145],
						"1.0": [37.4998, -0.08504, -0.0229]
					}
				}
			}
		},
		"animation.brontornis.sit": {
			"loop": true,
			"animation_length": 0.04167,
			"bones": {
				"bone": {
					"position": [0, -16, 0]
				},
				"bone11": {
					"rotation": [-67.5, 0, 0],
					"position": [0, -11, 0]
				},
				"bone13": {
					"rotation": [79.81941, -1.40498, 1.44477]
				},
				"bone7": {
					"rotation": [-70, 0, 0],
					"position": [0, -12, 0]
				},
				"bone9": {
					"rotation": [85, 0, 0]
				}
			}
		},
		"animation.brontornis.idle": {
			"loop": true,
			"animation_length": 2,
			"bones": {
				"bone": {
					"rotation": {
						"0.0": [2.5, 0, 0],
						"1.2083": [5, 0, 0],
						"2.0": [2.5, 0, 0]
					}
				},
				"bone2": {
					"rotation": {
						"0.0": [2.5, 0, 0],
						"0.25": [0, 0, 0],
						"1.1667": [2.5, 0, 0]
					}
				},
				"bone3": {
					"rotation": {
						"0.0": [12.5, 0, 0],
						"0.5": [7.5, 0, 0],
						"1.5": [12.5, 0, 0]
					}
				},
				"bone4": {
					"rotation": {
						"0.0": [-12.5, 0, 0],
						"1.0": [2.83244, -1.86483, -2.30898],
						"2.0": [-12.5, 0, 0]
					}
				}
			}
		},
		"animation.brontornis.attack2": {
			"loop": true,
			"animation_length": 1.25,
			"bones": {
				"bone": {
					"rotation": {
						"0.0": [2.5, 0, 0],
						"0.5": [-37.5, 0, 0],
						"1.0": [0, 0, 0]
					}
				},
				"bone4": {
					"rotation": {
						"0.0": [0, 0, 0],
						"0.5": [32.5, 0, 0],
						"1.0": [-2.5, 0, 0]
					}
				},
				"bone6": {
					"rotation": {
						"0.0": [2.5, 0, 0],
						"0.5": [45, 0, 0],
						"1.0": [5, 0, 0]
					}
				},
				"bone11": {
					"rotation": {
						"0.0": [-2.5, 0, 0],
						"0.5": [-107.5, 0, 0],
						"0.7083": [-89.49277, 3.90849, -8.34492],
						"1.0": [5, 0, 0]
					}
				},
				"bone13": {
					"rotation": {
						"0.0": [2.5, 0, 0],
						"0.5": [170, 0, 0],
						"0.6667": [152.5, 0, 0],
						"1.0": [-2.5, 0, 0]
					}
				},
				"bone7": {
					"rotation": {
						"0.0": [2.5, 0, 0],
						"0.5": [-77.5, 0, 0],
						"0.75": [-88.75, 0, 0],
						"1.0": [5, 0, 0]
					}
				},
				"bone9": {
					"rotation": {
						"0.0": [-5, 0, 0],
						"0.5": [162.5, 0, 0],
						"0.6667": [142.5, 0, 0],
						"1.0": [-7.5, 0, 0]
					}
				}
			}
		}
	}
}