{
	"format_version": "1.8.0",
	"animations": {
		"animation.desmodus.move": {
			"loop": true,
			"animation_length": 1.5,
			"bones": {
				"bone17": {
					"rotation": {
						"0.0": [-37.5, 0, 0],
						"0.39": [-30, 0, 0],
						"0.63": [-6.62, 0, 0],
						"1.0": [0.25, 0, 0],
						"1.5": [-37.5, 0, 0]
					},
					"position": {
						"0.0": [0, 0, 0],
						"0.39": [0, 0, -2],
						"0.63": [0, 0, 1.43],
						"1.5": [0, 0, 0]
					}
				},
				"bone18": {
					"rotation": {
						"0.0": [-22.5, 0, 0],
						"0.39": [2.5, 0, 0],
						"0.63": [7.09, 0, 0],
						"1.0": [22.01, 0, 0],
						"1.24": [-14.35, 0, 0],
						"1.5": [-22.5, 0, 0]
					}
				},
				"bone19": {
					"rotation": {
						"0.0": [30, 0, 0],
						"0.39": [10, 0, 0],
						"0.63": [29.32, 0, 0],
						"1.0": [17.11, 0, 0],
						"1.24": [48.3, 0, 0],
						"1.5": [30, 0, 0]
					}
				},
				"bone20": {
					"rotation": {
						"0.0": [-37.5, 0, 0],
						"0.39": [15, 0, 0],
						"0.63": [-28.85, 0, 0],
						"1.0": [-42.53, 0, 0],
						"1.24": [-12.62, 0, 0],
						"1.5": [-37.5, 0, 0]
					}
				},
				"bone21": {
					"rotation": {
						"0.0": [17.5, 0, 0],
						"0.39": [-1.23216, -6.23879, -7.54248],
						"0.63": [-32.78172, -10.07804, -12.18401],
						"1.0": [-36.94145, -15.9969, -19.33969],
						"1.24": [-35.80955, -8.31839, -10.05664],
						"1.5": [17.5, 0, 0]
					}
				},
				"bone22": {
					"rotation": {
						"0.0": [15, 0, 0],
						"0.39": [-11.82, 0, 0],
						"0.63": [6.85, 0, 0],
						"1.0": [-2.5, 0, 0],
						"1.24": [25.9, 0, 0],
						"1.5": [15, 0, 0]
					}
				},
				"bone23": {
					"rotation": {
						"0.0": [0, 0, 0],
						"0.39": [7.5, 0, 0],
						"1.0": [-46.62, 0, 0],
						"1.26": [-47.38, 0, 0],
						"1.5": [0, 0, 0]
					},
					"position": {
						"0.0": [0, 0, 0],
						"0.39": [0, 0, 2],
						"0.63": [0, 2, 1.57],
						"1.0": [0, 1.15, -0.1],
						"1.26": [0, -0.45, -1.05],
						"1.5": [0, 0, 0]
					}
				},
				"bone24": {
					"rotation": {
						"0.0": [0, 0, 0],
						"0.39": [25, 0, 0],
						"0.63": [-7.91, 0, 0],
						"1.0": [-24.55, 0, 0],
						"1.26": [10.72, 0, 0],
						"1.5": [0, 0, 0]
					}
				},
				"bone25": {
					"rotation": {
						"0.0": [0, 0, 0],
						"0.39": [0, 0, 0],
						"0.63": [25, 0, 0],
						"1.0": [31.87, 0, 0],
						"1.26": [35.3, 0, 0],
						"1.5": [0, 0, 0]
					}
				},
				"bone26": {
					"rotation": {
						"0.0": [0, 0, 0],
						"0.39": [-32.5, 0, 0],
						"0.63": [-10.47, 0, 0],
						"1.0": [-41.02, 0, 0],
						"1.26": [5.31, 0, 0],
						"1.5": [0, 0, 0]
					}
				},
				"bone27": {
					"rotation": {
						"0.0": [0, 0, 0],
						"0.39": [-32.5, 0, 0],
						"0.63": [-22.97, 0, 0],
						"1.26": [-13.84, 0, 0],
						"1.5": [0, 0, 0]
					}
				},
				"bone28": {
					"rotation": {
						"0.0": [0, 0, 0],
						"0.39": [-20, 0, 0],
						"0.63": [-0.68, 0, 0],
						"1.26": [-15.19, 0, 0],
						"1.5": [0, 0, 0]
					}
				},
				"bone11": {
					"rotation": {
						"0.0": [25, 0, 0],
						"0.39": [37.5, 0, 0],
						"1.0": [-59.37, 0, 0],
						"1.26": [-30.5, 0, 0],
						"1.5": [25, 0, 0]
					},
					"position": {
						"0.0": [0, 0, 0],
						"0.39": [0, 0, 2],
						"1.0": [0, 0, -1.1],
						"1.26": [0, -2, -3.53],
						"1.5": [0, 0, 0]
					}
				},
				"bone12": {
					"rotation": {
						"0.0": [-15, 0, 0],
						"0.39": [2.5, 0, 0],
						"0.63": [23.72, 0, 0],
						"1.0": [12.25, 0, 0],
						"1.26": [-14.12, 0, 0],
						"1.5": [-15, 0, 0]
					}
				},
				"bone13": {
					"rotation": {
						"0.0": [-7.5, 0, 0],
						"0.39": [47.5, 0, 0],
						"0.63": [93.11, 0, 0],
						"1.0": [132.82, 0, 0],
						"1.26": [42.85, 0, 0],
						"1.5": [-7.5, 0, 0]
					},
					"position": {
						"0.0": [0, 0, 0],
						"0.39": [0, -1, 0],
						"0.63": [0, -0.78, -1],
						"1.0": [0, -1.45, -1.57],
						"1.26": [0, 0.3, -0.75],
						"1.5": [0, 0, 0]
					}
				},
				"bone": {
					"rotation": {
						"0.0": [0, 5, 0],
						"0.39": [0, 2.5, 0],
						"0.63": [0, -1.96, 0],
						"1.0": [0, -1.5, 0],
						"1.26": [0, 3.18, 0],
						"1.5": [0, 5, 0]
					},
					"position": {
						"0.0": [0, 0, 0],
						"0.39": [0, -2, 0],
						"1.0": [0, 0.1, 0],
						"1.26": [0, -0.95, 0],
						"1.5": [0, 0, 0]
					}
				},
				"bone2": {
					"rotation": {
						"0.0": [0, -7.5, 0],
						"0.39": [0, -10, 0],
						"0.63": [0, 0.54, 0],
						"1.0": [0, 4.62, 0],
						"1.26": [0, 3.32, 0],
						"1.5": [0, -7.5, 0]
					}
				},
				"bone6": {
					"rotation": {
						"0.0": [0, -5, 0],
						"0.39": [0, -8.81, 0],
						"0.63": [0, 5, 0],
						"1.26": [0, 7.76, 0],
						"1.5": [0, -5, 0]
					}
				},
				"bone7": {
					"rotation": {
						"0.0": [0, 0, 0],
						"0.39": [15, 0, 0],
						"0.63": [0, 0, 0],
						"1.03": [17.5, 0, 0],
						"1.5": [0, 0, 0]
					}
				},
				"bone14": {
					"rotation": {
						"0.0": [-50, 0, 0],
						"0.39": [-32.5, 0, 0],
						"1.0": [0.38, 0, 0],
						"1.26": [-0.82, 0, 0],
						"1.5": [-50, 0, 0]
					},
					"position": {
						"0.0": [0, 0, 0],
						"0.39": [0, -2, 0],
						"1.0": [0, -0.9, 1],
						"1.26": [0, -0.43, 1.48],
						"1.5": [0, 0, 0]
					}
				},
				"bone15": {
					"rotation": {
						"0.0": [17.5, 0, 0],
						"0.39": [2.5, 0, 0],
						"1.0": [8.24, 0, 0],
						"1.26": [48.06, 0, 0],
						"1.5": [17.5, 0, 0]
					}
				},
				"bone16": {
					"rotation": {
						"0.0": [65, 0, 0],
						"0.39": [27.5, 0, 0],
						"1.0": [-6.89, 0, 0],
						"1.26": [92.99, 0, 0],
						"1.5": [65, 0, 0]
					},
					"position": {
						"0.0": [0, 0, -1],
						"0.39": [0, 0, 0],
						"1.0": [0, 0, -0.55],
						"1.5": [0, 0, -1]
					}
				}
			}
		},
		"animation.desmodus.fly": {
			"loop": true,
			"animation_length": 0.76,
			"bones": {
				"Desmodus_draculae": {
					"position": {
						"0.0": [0, 0, 0],
						"0.35": [0, 2, 0],
						"0.76": [0, 0, 0]
					}
				},
				"bone": {
					"rotation": {
						"0.0": [15, 0, 0],
						"0.35": [5, 0, 0],
						"0.76": [15, 0, 0]
					}
				},
				"bone2": {
					"rotation": {
						"0.0": [0, 0, 0],
						"0.16": [9.57, 0, 0],
						"0.35": [10, 0, 0],
						"0.54": [0.37, 0, 0],
						"0.76": [0, 0, 0]
					}
				},
				"bone17": {
					"rotation": {
						"0.0": [-36.19714, -28.04794, -104.04397],
						"0.35": [-73.66773, -32.29919, -37.57702],
						"0.76": [-36.19714, -28.04794, -104.04397]
					}
				},
				"bone18": {
					"rotation": {
						"0.0": [0, 0, 0],
						"0.35": [52.289, -14.36816, 11.28795],
						"0.76": [0, 0, 0]
					}
				},
				"bone21": {
					"rotation": {
						"0.0": [-43.21537, 5.61356, -5.92367],
						"0.16": [-57.24727, 15.0861, -30.42296],
						"0.35": [-36.61931, -21.80227, 4.83842],
						"0.54": [-36.92584, -36.90085, 21.49703],
						"0.76": [-43.21537, 5.61356, -5.92367]
					}
				},
				"bone22": {
					"rotation": {
						"0.0": [0, 30, 0],
						"0.16": [0, 45.79, 0],
						"0.35": [0, -17.5, 0],
						"0.54": [0, -32.99, 0],
						"0.76": [0, 30, 0]
					}
				},
				"bone23": {
					"rotation": {
						"0.0": [-34.11659, 34.28933, 109.90673],
						"0.35": [-60.23447, -4.83557, 40.56462],
						"0.76": [-34.11659, 34.28933, 109.90673]
					}
				},
				"bone24": {
					"rotation": {
						"0.0": [0, 0, 0],
						"0.35": [29.91142, 3.8909, -6.91524],
						"0.76": [0, 0, 0]
					}
				},
				"bone27": {
					"rotation": {
						"0.0": [-40, 0, 0],
						"0.16": [-62.71832, -9.23298, 34.29286],
						"0.35": [-50.04632, 40.8769, -12.1766],
						"0.54": [-47.89306, 48.17772, -33.67271],
						"0.76": [-40, 0, 0]
					}
				},
				"bone28": {
					"rotation": {
						"0.0": [0, -40, 0],
						"0.16": [0, -33.29, 0],
						"0.35": [0, 7.5, 0],
						"0.54": [0, 12.99, 0],
						"0.76": [0, -40, 0]
					}
				},
				"bone6": {
					"rotation": {
						"0.0": [-15, 0, 0],
						"0.16": [-22.5, 0, 0],
						"0.35": [-15, 0, 0],
						"0.54": [-10, 0, 0],
						"0.76": [-15, 0, 0]
					}
				},