{
	"format_version": "1.8.0",
	"animations": {
		"animation.galveosaurus.attack": {
			"animation_length": 1.5417,
			"bones": {
				"bb_main": {
					"rotation": {
						"0.0": [0, 0, 0],
						"0.4167": [6, 0, -177.5],
						"0.5833": [6, 0, -177.5],
						"0.8333": [5.03748, 3.26363, -210.3564],
						"1.0417": [5.03748, 3.26363, -210.3564],
						"1.2083": [0.73386, -5.95511, -94.53817],
						"1.5417": [0, 0, 0]
					},
					"position": {
						"0.0": [0, 0, 0],
						"0.4167": [-12.6, 18.8, 0],
						"0.5833": [-12.6, 18.8, 0],
						"0.8333": [-20.7, 18.8, 0],
						"1.0417": [-20.7, 18.8, 0],
						"1.2083": [-1.1, 9.6, 0],
						"1.5417": [0, 0, 0]
					},
					"scale": {
						"0.4167": [1, 1.03, 1],
						"0.5833": [1, 1.03, 1],
						"0.8333": [1, 1.03, 1],
						"1.0417": [1, 1.03, 1],
						"1.2083": [1, 1.03, 1]
					}
				},
				"bone2": {
					"rotation": {
						"0.0": [0, 0, 0],
						"0.3333": [12, 0, 0],
						"1.375": [12, 0, 0],
						"1.5417": [0, 0, 0]
					},
					"position": {
						"0.0": [0, 0, 0],
						"0.3333": [0, -3.1, 0],
						"1.375": [0, -3.1, 0],
						"1.5417": [0, 0, 0]
					}
				},
				"bone5": {
					"rotation": {
						"0.0": [0, 0, 0],
						"0.3333": [0, 0, -26],
						"1.375": [0, 0, -26],
						"1.5417": [0, 0, 0]
					},
					"position": {
						"0.0": [0, 0, 0],
						"0.3333": [2.3, 0, 0],
						"1.375": [2.3, 0, 0],
						"1.5417": [0, 0, 0]
					}
				},
				"bone6": {
					"rotation": {
						"0.0": [0, 0, 0],
						"0.3333": [0, 0, -26],
						"1.375": [0, 0, -26],
						"1.5417": [0, 0, 0]
					},
					"position": {
						"0.0": [0, 0, 0],
						"0.3333": [2.3, 0, 0],
						"1.375": [2.3, 0, 0],
						"1.5417": [0, 0, 0]
					}
				},
				"bone7": {
					"rotation": {
						"0.0": [0, 0, 0],
						"0.3333": [0, 0, -26],
						"1.375": [0, 0, -26],
						"1.5417": [0, 0, 0]
					},
					"position": {
						"0.0": [0, 0, 0],
						"0.3333": [2.3, 0, 0],
						"1.375": [2.3, 0, 0],
						"1.5417": [0, 0, 0]
					}
				},
				"bone8": {
					"rotation": {
						"0.0": [0, 0, 0],
						"0.3333": [0, 0, -26],
						"1.375": [0, 0, -26],
						"1.5417": [0, 0, 0]
					},
					"position": {
						"0.0": [0, 0, 0],
						"0.3333": [2.3, 0, 0],
						"1.375": [2.3, 0, 0],
						"1.5417": [0, 0, 0]
					}
				},
				"bone9": {
					"rotation": {
						"0.0": [0, 0, 0],
						"0.2917": [20, 0, 0],
						"1.0833": [20, 0, 0],
						"1.4167": [0, 0, 0]
					},
					"position": {
						"0.0": [0, 0, 0],
						"0.2917": [0, 0, 0],
						"1.4167": [0, 0, 0]
					}
				}
			}
		},
		"animation.galveosaurus.walk": {
			"loop": true,
			"animation_length": 2,
			"bones": {
				"bone2": {
					"rotation": [17, 0, 0]
				},
				"bone7": {
					"rotation": {
						"0.0": [32.5, 0, 0],
						"1.0": [-32.5, 0, 0],
						"2.0": [32.5, 0, 0]
					}
				},
				"bone8": {
					"rotation": {
						"0.0": [-32.5, 0, 0],
						"1.0": [32.5, 0, 0],
						"2.0": [-32.5, 0, 0]
					}
				},
				"bone5": {
					"rotation": {
						"0.0": [-32.5, 0, 0],
						"1.0": [32.5, 0, 0],
						"2.0": [-32.5, 0, 0]
					}
				},
				"bone6": {
					"rotation": {
						"0.0": [32.5, 0, 0],
						"1.0": [-32.5, 0, 0],
						"2.0": [32.5, 0, 0]
					}
				}
			}
		},
		"animation.galveosaurus.sleep": {
			"loop": true,
			"bones": {
				"bb_main": {
					"position": [0, -8, 0]
				},
				"bone3": {
					"rotation": [-5, 0, 0]
				},
				"bone2": {
					"rotation": [20, 0, 0]
				},
				"bone7": {
					"rotation": [-72.5, 0, 0]
				},
				"bone8": {
					"rotation": [70, 0, 0]
				},
				"bone5": {
					"rotation": [-72.5, 0, 0]
				},
				"bone6": {
					"rotation": [70, 0, 0]
				}
			}
		},
		"animation.galveosaurus.sit": {
			"loop": true,
			"bones": {
				"bb_main": {
					"position": [0, -8, 0]
				},
				"bone3": {
					"rotation": [10, 0, 0]
				},
				"bone2": {
					"rotation": [-20, 0, 0]
				},
				"bone7": {
					"rotation": [-72.5, 0, 0]
				},
				"bone8": {
					"rotation": [70, 0, 0]
				},
				"bone5": {
					"rotation": [-72.5, 0, 0]
				},
				"bone6": {
					"rotation": [70, 0, 0]
				}
			}
		},
		"animation.galveosaurus.idle": {
			"loop": true,
			"animation_length": 3.95833,
			"bones": {
				"bone3": {
					"rotation": {
						"0.0": [0, 10, 0],
						"2.0": [0, -10, 0],
						"3.9583": [0, 10, 0]
					},
					"position": {
						"0.0": [0, -0.3, 0],
						"1.875": [0, 0, 0],
						"3.9583": [0, 0, 0]
					}
				},
				"bone2": {
					"position": {
						"0.0": [0, -0.3, 0],
						"1.875": [0, 0, 0],
						"3.9583": [0, 0, 0]
					}
				},
				"bone4": {
					"rotation": {
						"0.0": [0, 0, 0],
						"1.875": [0, 0, 0],
						"3.9583": [0, 0, 0]
					},
					"position": {
						"0.0": [0, -0.3, 0],
						"1.875": [0, 0, 0],
						"3.9583": [0, 0, 0]
					}
				},
				"bone10": {
					"rotation": {
						"0.0": [0, 10, 0],
						"2.0": [0, -10, 0],
						"3.9583": [0, 10, 0]
					}
				},
				"bone11": {
					"rotation": {
						"0.0": [0, 10, 0],
						"2.0": [0, -10, 0],
						"3.9583": [0, 10, 0]
					}
				},
				"bone12": {
					"rotation": {
						"0.0": [0, 10, 0],
						"2.0": [0, -10, 0],
						"3.9583": [0, 10, 0]
					}
				},
				"bone13": {
					"rotation": {
						"0.0": [0, 10, 0],
						"2.0": [0, -10, 0],
						"3.9583": [0, 10, 0]
					}
				}
			}
		}
	}
}