{
	"format_version": "1.8.0",
	"animations": {
		"animation.giraffatitan.sleep": {
			"loop": true,
			"bones": {
				"Body": {
					"position": [0, -29.5, 0]
				},
				"Neck": {
					"rotation": [70, 0, 0],
					"position": [0, 0, 3.2]
				},
				"bone3": {
					"rotation": [-7, 0, 0]
				},
				"Head": {
					"rotation": [-61, 0, 0]
				},
				"Tail": {
					"rotation": [-9, 0, 0]
				},
				"Rarm": {
					"rotation": [-78, 0, 0]
				},
				"Rarm2": {
					"rotation": [-78, 0, 0]
				},
				"Lleg": {
					"rotation": [73, 0, 0]
				},
				"Lleg3": {
					"rotation": [73, 0, 0]
				},
				"bone9": {
					"position": [0, -29.5, 0]
				}
			}
		},
		"animation.giraffatitan.sit": {
			"loop": true,
			"bones": {
				"Body": {
					"position": [0, -29.5, 0]
				},
				"Neck": {
					"rotation": [19, 0, 0],
					"position": [0, 0, 3.2]
				},
				"bone3": {
					"rotation": [33, 0, 0]
				},
				"Tail": {
					"rotation": [-9, 0, 0]
				},
				"Rarm": {
					"rotation": [-78, 0, 0]
				},
				"Rarm2": {
					"rotation": [-78, 0, 0]
				},
				"Lleg": {
					"rotation": [73, 0, 0]
				},
				"Lleg3": {
					"rotation": [73, 0, 0]
				},
				"bone9": {
					"position": [0, -29.5, 0]
				},
				"bone": {
					"rotation": [20, 0, 0]
				}
			}
		},
		"animation.giraffatitan.idle": {
			"loop": true,
			"animation_length": 3,
			"bones": {
				"Neck": {
					"rotation": {
						"0.0": [0, 0, 0],
						"1.5": [4, 0, 0],
						"3.0": [0, 0, 0]
					}
				},
				"Tail": {
					"rotation": {
						"0.0": [0.0274, 5.9771, 0.52484],
						"1.5": [-0.0274, -5.97708, 0.52484],
						"3.0": [0.0274, 5.9771, 0.52484]
					}
				},
				"bone4": {
					"rotation": {
						"0.0": [0.0274, 5.9771, 0.52484],
						"1.5": [-0.0274, -5.97708, 0.52484],
						"3.0": [0.0274, 5.9771, 0.52484]
					}
				},
				"bone5": {
					"rotation": {
						"0.0": [0.0274, 5.9771, 0.52484],
						"1.5": [-0.0274, -5.97708, 0.52484],
						"3.0": [0.0274, 5.9771, 0.52484]
					}
				},
				"bone6": {
					"rotation": {
						"0.0": [0.0274, 5.9771, 0.52484],
						"1.5": [-0.0274, -5.97708, 0.52484],
						"3.0": [0.0274, 5.9771, 0.52484]
					}
				},
				"bone7": {
					"rotation": {
						"0.0": [0.0274, 5.9771, 0.52484],
						"1.5": [-0.0274, -5.97708, 0.52484],
						"3.0": [0.0274, 5.9771, 0.52484]
					}
				},
				"bone8": {
					"rotation": {
						"0.0": [0.0274, 5.9771, 0.52484],
						"1.5": [-0.0274, -5.97708, 0.52484],
						"3.0": [0.0274, 5.9771, 0.52484]
					}
				},
				"bone10": {
					"rotation": {
						"0.0": [0, 0, 0],
						"1.4": [22.5, 0, 0],
						"3.0": [0, 0, 0]
					},
					"position": {
						"0.0": [0, 0, 0],
						"1.4": [0, 0, 1.2],
						"3.0": [0, 0, 0]
					}
				}
			}
		},
		"animation.giraffatitan.move": {
			"loop": true,
			"animation_length": 1.5,
			"bones": {
				"Body": {
					"rotation": {
						"0.0": [0, 0, 0],
						"1.5": [0, 0, 0]
					},
					"position": {
						"0.0": [0, 0, 0],
						"0.6667": [0, -1.1, 0],
						"0.875": [0, 0, 0],
						"1.5": [0, 0, 0]
					}
				},
				"Neck": {
					"rotation": [23, 0, 0]
				},
				"Rarm": {
					"rotation": {
						"0.0": [21, 0, 0],
						"0.4167": [-30, 0, 0],
						"0.8333": [21, 0, 0],
						"1.1667": [-30, 0, 0],
						"1.5": [21, 0, 0]
					},
					"position": {
						"0.0": [0, 0, 0],
						"0.4167": [0, 0, 0],
						"0.8333": [0, 0, 0],
						"1.1667": [0, 0, 0],
						"1.5": [0, 0, 0]
					}
				},
				"Rarm2": {
					"rotation": {
						"0.0": [-30, 0, 0],
						"0.3333": [21, 0, 0],
						"0.75": [-30, 0, 0],
						"1.1667": [21, 0, 0],
						"1.5": [-30, 0, 0]
					},
					"position": {
						"0.0": [0, 0, 0],
						"0.3333": [0, 0, 0],
						"0.75": [0, 0, 0],
						"1.1667": [0, 0, 0],
						"1.5": [0, 0, 0]
					}
				},
				"Lleg": {
					"rotation": {
						"0.0": [21, 0, 0],
						"0.4167": [-21, 0, 0],
						"0.8333": [21, 0, 0],
						"1.1667": [-21, 0, 0],
						"1.5": [21, 0, 0]
					},
					"position": {
						"0.0": [0, 0, 0],
						"0.4167": [0, 0, 0],
						"0.8333": [0, 0, 0],
						"1.1667": [0, 0, 0],
						"1.5": [0, 0, 0]
					}
				},
				"Lleg3": {
					"rotation": {
						"0.0": [0, 0, 0],
						"0.3333": [21, 0, 0],
						"0.75": [0, 0, 0],
						"1.1667": [21, 0, 0],
						"1.5": [0, 0, 0]
					},
					"position": {
						"0.0": [0, 0, 0],
						"0.3333": [0, 0, 0],
						"0.75": [0, 0, 0],
						"1.1667": [0, 0, 0],
						"1.5": [0, 0, 0]
					}
				},
				"cofre": {
					"rotation": {
						"0.0": [0, 0, -0.5],
						"0.25": [0, 0, 0.5],
						"0.5": [0, 0, -0.5],
						"0.75": [0, 0, 0.5],
						"1.0": [0, 0, -0.5],
						"1.25": [0, 0, 0.5],
						"1.5": [0, 0, -0.5]
					},
					"position": {
						"0.0": [0, 0.2, 0],
						"0.125": [0, -0.2, 0],
						"0.25": [0, 0.2, 0],
						"0.375": [0, -0.2, 0],
						"0.5": [0, 0.2, 0],
						"0.625": [0, -0.2, 0],
						"0.75": [0, 0.2, 0],
						"0.875": [0, -0.2, 0],
						"1.0": [0, 0.2, 0],
						"1.125": [0, -0.2, 0],
						"1.25": [0, 0.2, 0],
						"1.375": [0, -0.2, 0],
						"1.5": [0, 0.2, 0]
					}
				}
			}
		},
		"animation.giraffatitan.attack": {
			"animation_length": 1.625,
			"bones": {
				"Body": {
					"rotation": {
						"0.0": [0, 0, 0],
						"1.25": [-35, 0, 0],
						"1.2917": [28.5, 0, 0],
						"1.5417": [28.5, 0, 0],
						"1.625": [0, 0, 0]
					},
					"position": {
						"0.0": [0, 0, 0],
						"1.25": [0, 0, 7.5],
						"1.2917": [0, -6.6, -7.05],
						"1.5417": [0, -6.6, -7.05],
						"1.625": [0, 0, 0]
					}
				},
				"Neck": {
					"rotation": {
						"0.0": [0, 0, 0],
						"1.25": [65, 0, 0],
						"1.2917": [0, 0, 0],
						"1.5417": [0, 0, 0],
						"1.625": [0, 0, 0]
					},
					"position": {
						"0.0": [0, 0, 0],
						"1.25": [0, 0, 0],
						"1.2917": [0, 0, 0],
						"1.5417": [0, 0, 0],
						"1.625": [0, 0, 0]
					}
				},
				"Tail": {
					"rotation": {
						"0.0": [0, 0, 0],
						"1.25": [26, 0, 0],
						"1.2917": [0, 0, 0],
						"1.5417": [0, 0, 0],
						"1.625": [0, 0, 0]
					},
					"position": {
						"0.0": [0, 0, 0],
						"1.25": [0, 0, 0],
						"1.2917": [0, 0, 0],
						"1.5417": [0, 0, 0],
						"1.625": [0, 0, 0]
					}
				},
				"Rarm": {
					"rotation": {
						"0.0": [0, 0, 0],
						"1.25": [-38.07398, 13.31794, 37.38634],
						"1.375": [-38.07398, 13.31794, 37.38634],
						"1.625": [0, 0, 0]
					},
					"position": {
						"0.0": [0, 0, 0],
						"1.25": [0, 19.8, 0],
						"1.2917": [0, -8, 0],
						"1.5417": [0, -8, 0],
						"1.625": [0, 0, 0]
					}
				},
				"Rarm2": {
					"rotation": {
						"0.0": [0, 0, 0],
						"1.25": [-38.07398, -13.3179, -37.3863],
						"1.375": [-38.07398, -13.3179, -37.3863],
						"1.625": [0, 0, 0]
					},
					"position": {
						"0.0": [0, 0, 0],
						"1.25": [0, 19.8, 0],
						"1.2917": [0, -8, 0],
						"1.5417": [0, -8, 0],
						"1.625": [0, 0, 0]
					}
				}
			}
		}
	}
}