{
	"format_version": "1.8.0",
	"animations": {
		"animation.kapro.new": {
			"loop": true,
			"bones": {
				"bone": {
					"rotation": [4.78778, -0.04618, 1.43898]
				},
				"bone2": {
					"rotation": [-16.73538, -0.77955, -4.9618]
				},
				"bone7": {
					"rotation": [25, 0, 0],
					"position": [0, 0, 0]
				},
				"bone3": {
					"rotation": [-17.39672, -1.6469, -0.73961]
				},
				"bone4": {
					"rotation": [32.38208, 2.17606, 2.5096]
				}
			}
		},
		"animation.kapro.walk": {
			"loop": true,
			"animation_length": 2,
			"bones": {
				"bone": {
					"rotation": {
						"0.0": [7.5, 0, 0],
						"0.5": [2.5, 0, 0],
						"1.0": [-2.5, 0, 0],
						"2.0": [7.5, 0, 0]
					}
				},
				"bone2": {
					"rotation": {
						"0.0": [-12.5, 0, 0],
						"0.5": [10, 0, 0],
						"1.5": [-7.5, 0, 0]
					}
				},
				"bone6": {
					"rotation": {
						"0.0": [20, 0, 0],
						"0.5": [20, 0, 0],
						"1.125": [15, 0, 0]
					}
				},
				"bone3": {
					"rotation": {
						"0.0": [-20, 0, 0],
						"1.0": [7.5, 0, 0],
						"2.0": [-20.00112, 0.06373, 0.04071]
					}
				},
				"bone4": {
					"rotation": {
						"0.0": [-14.99329, 0.14331, 0.11077],
						"0.5": [12.5, 0, 0],
						"1.8333": [-17.5, 0, 0]
					}
				},
				"bone5": {
					"rotation": {
						"0.0": [9.95716, -1.16012, -0.8562],
						"0.25": [-12.5, 0, 0],
						"1.5": [25, 0, 0],
						"1.7083": [10, 0, 0]
					}
				},
				"bone12": {
					"rotation": {
						"0.0": [22.17974, -1.93504, 3.12588],
						"0.5": [-11.25, 0, 0],
						"1.0": [-12.5, 0, 0],
						"2.0": [17.5, 0, 0]
					}
				},
				"bone13": {
					"rotation": {
						"0.0": [-15, 0, 0],
						"0.5": [-47.5, 0, 0],
						"1.0": [-2.5, 0, 0]
					}
				},
				"bone14": {
					"rotation": {
						"0.0": [-7.5, 0, 0],
						"0.5": [83.75, 0, 0],
						"1.0": [17.5, 0, 0],
						"2.0": [-17.5, 0, 0]
					}
				},
				"bone30": {
					"rotation": {
						"0.0": [-10, 0, 0],
						"1.0": [40, 0, 0],
						"1.5": [-23.75, 0, 0],
						"2.0": [-17.5, 0, 0]
					}
				},
				"bone31": {
					"rotation": {
						"0.0": [-7.5, 0, 0],
						"1.0": [20, 0, 0],
						"1.5": [30, 0, 0],
						"2.0": [5, 0, 0]
					}
				},
				"bone32": {
					"rotation": {
						"0.0": [22.5, 0, 0],
						"1.0": [37.5, 0, 0],
						"1.25": [-20.62, 0, 0],
						"1.5": [-23.75, 0, 0],
						"2.0": [20, 0, 0]
					}
				},
				"bone18": {
					"rotation": {
						"0.0": [12.36301, 0.90895, -0.68754],
						"1.0": [32.5, 0, 0],
						"1.4167": [-35.58255, -0.55055, 0.97373],
						"2.0": [20.10187, -1.32131, 2.33696]
					}
				},
				"bone19": {
					"rotation": [-29.99878, 0.11339, -0.28157]
				},
				"bone20": {
					"rotation": {
						"0.0": [17.48949, -0.12432, 0.72786],
						"1.0": [27.5, 0, 0],
						"1.4167": [102.5, 0, 0],
						"2.0": [15, 0, 0]
					}
				},
				"bone24": {
					"rotation": {
						"0.0": [22.5, 0, 0],
						"1.0": [-15, 0, 0],
						"2.0": [25, 0, 0]
					}
				},
				"bone26": {
					"rotation": {
						"0.0": [-19.98529, 0.17057, -0.35092],
						"1.0": [17.51471, 0.17057, -0.35092],
						"2.0": [-24.98529, 0.17057, -0.35092]
					}
				}
			}
		},
		"animation.kapro.swim": {
			"loop": true,
			"animation_length": 2,
			"bones": {
				"bone": {
					"rotation": {
						"0.0": [0, -2.5, 0],
						"1.0": [0, 5, 0],
						"2.0": [0, -2.5, 0]
					}
				},
				"bone2": {
					"rotation": {
						"0.0": [0, -12.5, 0],
						"1.0": [0, 12.5, 0],
						"1.9583": [0, -12.5, 0]
					}
				},
				"bone6": {
					"rotation": {
						"0.0": [0, -25, 0],
						"0.5": [0, 25, 0],
						"1.5": [0, -25, 0]
					}
				},
				"bone3": {
					"rotation": {
						"0.0": [0, 7.5, 0],
						"0.4167": [0, -25, 0],
						"2.0": [0, 7.5, 0]
					}
				},
				"bone4": {
					"rotation": {
						"0.0": [0, 12.5, 0],
						"0.75": [0, -32.5, 0],
						"1.7917": [0, 15, 0]
					}
				},
				"bone5": {
					"rotation": {
						"0.0": [0, -15, 0],
						"1.0": [0, 32.5, 0],
						"1.5": [0, -32.5, 0]
					}
				},
				"bone12": {
					"rotation": [47.5, 0, 0]
				},
				"bone30": {
					"rotation": [40, 0, 0]
				},
				"bone18": {
					"rotation": [30, 0, 0]
				},
				"bone24": {
					"rotation": [40, 0, 0]
				}
			}
		},
		"animation.kapro.sit": {
			"loop": true,
			"animation_length": 0.04167,
			"bones": {
				"bone": {
					"rotation": [-12.5, 0, 0],
					"position": [0, -6, 0]
				},
				"bone2": {
					"rotation": [-12.5, 0, 0]
				},
				"bone7": {
					"rotation": [37.5, 0, 0]
				},
				"bone3": {
					"rotation": [5.76863, -29.8742, -2.88066]
				},
				"bone4": {
					"rotation": [26.12877, -46.93584, -19.71601]
				},
				"bone5": {
					"rotation": [-9.13039, -34.65749, 5.22206]
				},
				"bone12": {
					"rotation": [22.2989, -1.03487, 2.64123],
					"position": [0, -1, 0]
				},
				"bone13": {
					"rotation": [-42.14207, -0.99087, -5.17744]
				},
				"bone14": {
					"rotation": [25, 0, 0]
				},
				"bone30": {
					"rotation": [25, 0, 0],
					"position": [0, -4, -3]
				},
				"bone31": {
					"rotation": [34.9111, -1.52211, 1.04703]
				},
				"bone32": {
					"rotation": [-62.5, 0, 0]
				},
				"bone18": {
					"rotation": [35, 0, 0],
					"position": [0, -2, 0]
				},
				"bone19": {
					"rotation": [-62.5, 0, 0]
				},
				"bone20": {
					"rotation": [30, 0, 0]
				},
				"bone24": {
					"rotation": [30, 0, 0],
					"position": [0, -4, -2]
				},
				"bone25": {
					"rotation": [20, 0, 0]
				},
				"bone26": {
					"rotation": [-55, 0, 0]
				}
			}
		},
		"animation.kapro.attack": {
			"loop": true,
			"animation_length": 2,
			"bones": {
				"bone": {
					"rotation": {
						"0.0": [7.5, 0, 0],
						"0.5": [-12.5, 0, 0],
						"1.0": [15, 0, 0],
						"1.5": [-7.5, 0, 0],
						"2.0": [5, 0, 0]
					}
				},
				"bone2": {
					"rotation": {
						"0.0": [-5, 0, 0],
						"0.5": [-17.5, 0, 0],
						"1.0": [-25, 0, 0],
						"1.5": [0, 0, 0],
						"2.0": [-12.5, 0, 0]
					}
				},
				"bone6": {
					"rotation": {
						"0.0": [-32.5, 0, 0],
						"0.5": [42.5, 0, 0],
						"1.0": [-25, 0, 0],
						"1.5": [12.5, 0, 0],
						"2.0": [-10, 0, 0]
					}
				},
				"bone7": {
					"rotation": {
						"0.0": [7.5, 0, 0],
						"0.5": [52.5, 0, 0],
						"1.0": [2.5, 0, 0],
						"1.5": [5, 0, 0],
						"2.0": [5, 0, 0]
					}
				}
			}
		}
	}
}