{
	"format_version": "1.8.0",
	"animations": {
		"animation.mega_raptor.move": {
			"loop": true,
			"animation_length": 0.68,
			"bones": {
				"bone": {
					"rotation": {
						"0.0": [0.66753, 12.45662, 7.61578],
						"0.17": [0, -2.5, 0],
						"0.33": [1.57187, -7.65165, -7.73815],
						"0.5": [1.13553, 4.61473, -0.23097],
						"0.68": [0.66753, 12.45662, 7.61578]
					},
					"position": {
						"0.0": [0, 0, 0],
						"0.17": [0, -2, 0],
						"0.33": [0, 0.63, 0],
						"0.5": [0, -1.68, 0],
						"0.68": [0, 0, 0]
					}
				},
				"bone2": {
					"rotation": {
						"0.0": [0, -17.5, 0],
						"0.1": [-10, -7.5, 0],
						"0.17": [-6.25992, 3.7689, -0.27587],
						"0.33": [0.86127, 11.88688, 1.32908],
						"0.43": [-9.39849, -1.73245, 0.44996],
						"0.5": [-6.65726, -6.33132, 0.31872],
						"0.57": [-3.8932, -15.92927, 0.08924],
						"0.67": [0, -17.5, 0]
					}
				},
				"bone4": {
					"rotation": {
						"0.0": [-29.62165, -4.98093, -8.6822],
						"0.17": [-29.9055, 2.49762, 4.33287],
						"0.33": [-29.59088, 3.82476, 6.6853],
						"0.5": [-29.46112, 3.12293, 5.52752],
						"0.57": [-29.29218, -3.90084, -6.86012],
						"0.67": [-29.62165, -4.98093, -8.6822]
					}
				},
				"bone7": {
					"rotation": {
						"0.0": [25.62598, 10.51794, 6.79286],
						"0.17": [26.87358, -17.29498, -11.48734],
						"0.33": [25.47687, 0.78762, 0.46196],
						"0.5": [26.09062, -12.18454, -8.00187],
						"0.59": [26.13712, 11.69224, 7.62934],
						"0.67": [25.39875, 8.42145, 5.41207]
					}
				},
				"bone15": {
					"rotation": {
						"0.0": [-40, 0, 0],
						"0.1": [-35, 0, 0],
						"0.27": [11.01, 0, 0],
						"0.37": [38.26, 0, 0],
						"0.67": [-40, 0, 0]
					},
					"position": {
						"0.0": [0, 0, 0],
						"0.1": [0, -0.9, -3],
						"0.27": [0, -0.7, 3],
						"0.37": [0, -0.53, 5.06],
						"0.38": [0, -0.51, 4.17],
						"0.67": [0, 0, 0]
					}
				},
				"bone14": {
					"rotation": {
						"0.0": [-5, 0, 0],
						"0.1": [15, 0, 0],
						"0.18": [-3.69, 0, 0],
						"0.27": [39.04, 0, 0],
						"0.37": [38.03, 0, 0],
						"0.47": [41.19, 0, 0],
						"0.57": [-24.4, 0, 0],
						"0.67": [-5, 0, 0]
					}
				},
				"bone16": {
					"rotation": {
						"0.0": [55, 0, 0],
						"0.06": [18, 0, 0],
						"0.1": [22.5, 0, 0],
						"0.18": [27.21, 0, 0],
						"0.27": [-15.31, 0, 0],
						"0.37": [52.27, 0, 0],
						"0.57": [111.59, 0, 0],
						"0.67": [55, 0, 0]
					}
				},
				"bone17": {
					"rotation": {
						"0.0": [15, 0, 0],
						"0.06": [-7.5, 0, 0],
						"0.1": [2.5, 0, 0],
						"0.27": [-31.27, 0, 0],
						"0.37": [17.8, 0, 0],
						"0.57": [33.43, 0, 0],
						"0.67": [15, 0, 0]
					}
				},
				"bone18": {
					"rotation": {
						"0.0": [30, 0, 0],
						"0.06": [-10.5, 0, 0],
						"0.1": [0, 0, 0],
						"0.27": [-23.55, 0, 0],
						"0.37": [24.84, 0, 0],
						"0.57": [38.28, 0, 0],
						"0.67": [30, 0, 0]
					}
				},
				"bone19": {
					"rotation": {
						"0.0": [25, 0, 0],
						"0.06": [1.25371, 0.39932, -0.41752],
						"0.1": [2.08952, 0.66554, -0.69586],
						"0.27": [-21.07753, 0.46704, -0.48833],
						"0.37": [7.94185, 0.35028, -0.36624],
						"0.57": [34.31395, 0.11676, -0.12208],
						"0.67": [25, 0, 0]
					}
				},
				"bone20": {
					"rotation": {
						"0.0": [40, 0, 0],
						"0.17": [10, 0, 0],
						"0.33": [-47.9, 0, 0],
						"0.43": [-24.55, 0, 0],
						"0.67": [40, 0, 0]
					},
					"position": {
						"0.0": [0, 0, 3],
						"0.33": [0, 0, -7],
						"0.43": [0, 0, -8.41],
						"0.67": [0, 0, 3]
					}
				},
				"bone21": {
					"rotation": {
						"0.0": [5, 0, 0],
						"0.2": [-2.5, 0, 0],
						"0.33": [-8.72, 0, 0],
						"0.43": [17.67, 0, 0],
						"0.54": [5.82, 0, 0],
						"0.67": [5, 0, 0]
					}
				},
				"bone22": {
					"rotation": {
						"0.0": [107.5, 0, 0],
						"0.22": [57.5, 0, 0],
						"0.33": [90, 0, 0],
						"0.43": [5.44, 0, 0],
						"0.54": [-5.7, 0, 0],
						"0.67": [107.5, 0, 0]
					}
				},
				"bone23": {
					"rotation": {
						"0.0": [27.5, 0, 0],
						"0.22": [45, 0, 0],
						"0.33": [58.22, 0, 0],
						"0.43": [-0.82, 0, 0],
						"0.54": [-2.84, 0, 0],
						"0.67": [27.5, 0, 0]
					}
				},
				"bone24": {
					"rotation": {
						"0.0": [15, 0, 0],
						"0.22": [32.5, 0, 0],
						"0.33": [38.22, 0, 0],
						"0.43": [-1.11, 0, 0],
						"0.54": [-6.23, 0, 0],
						"0.67": [15, 0, 0]
					}
				},
				"bone25": {
					"rotation": {
						"0.0": [37.5, 0, 0],
						"0.22": [45, 0, 0],
						"0.33": [53.17, 0, 0],
						"0.43": [-3.94, 0, 0],
						"0.54": [0.05, 0, 0],
						"0.67": [37.5, 0, 0]
					}
				},
				"bone9": {
					"rotation": {
						"0.0": [0, -5, 0],
						"0.13": [0, -15.22, 0],
						"0.34": [0, 7.5, 0],
						"0.53": [0, 12.8, 0],
						"0.67": [0, -5, 0]
					}
				},
				"bone10": {
					"rotation": {
						"0.0": [0, -7.5, 0],
						"0.34": [0, 12.5, 0],
						"0.67": [0, -7.5, 0]
					}
				},
				"bone11": {
					"rotation": {
						"0.0": [0, -10, 0],
						"0.34": [0, 10, 0],
						"0.67": [0, -10, 0]
					}
				},
				"bone12": {
					"rotation": {
						"0.0": [0, -12.5, 0],
						"0.14": [0, -14.71, 0],
						"0.34": [0, 12.5, 0],
						"0.48": [0, 16.89, 0],
						"0.67": [0, -12.5, 0]
					}
				},
				"bone13": {
					"rotation": {
						"0.0": [0, -17.5, 0],
						"0.14": [0, -21.18, 0],
						"0.22": [0, -26.21, 0],
						"0.34": [0, 10, 0],
						"0.48": [0, 25.83, 0],
						"0.58": [0, 23.02, 0],
						"0.67": [0, -17.5, 0]
					}
				}
			}
		},
		"animation.mega_raptor.idle": {
			"loop": true,
			"animation_length": 3.2,
			"bones": {
				"bone": {
					"rotation": {
						"0.0": [0, 0, 0],
						"2.11": [2.5, 0, 0],
						"3.2": [0, 0, 0]
					}
				},
				"bone4": {
					"rotation": {
						"0.0": [-5, 0, 0],
						"2.11": [0, 0, 0],
						"3.2": [-5, 0, 0]
					}
				},
				"bone7": {
					"rotation": {
						"0.0": [0, 0, 0],
						"0.69": [-4.18, 0, 0],
						"2.11": [2.5, 0, 0],
						"2.56": [6.47, 0, 0],
						"3.2": [0, 0, 0]
					}
				},
				"bone9": {
					"rotation": {
						"0.0": [0, -7.5, 0],
						"1.03": [7.5, -2.61848, 0],
						"2.11": [0, 2.5, 0],
						"3.19": [0, -7.5, 0]
					}
				},
				"bone10": {
					"rotation": {
						"0.0": [0, -5, 0],
						"2.11": [0, 5, 0],
						"3.19": [0, -5, 0]
					}
				},
				"bone11": {
					"rotation": {
						"0.0": [0, -10, 0],
						"2.11": [0, 0, 0],
						"3.19": [0, -10, 0]
					}
				},
				"bone12": {
					"rotation": {
						"0.0": [0, -15, 0],
						"0.7": [0, -21.69, 0],
						"2.11": [0, 2.5, 0],
						"2.46": [0, 16.83, 0],
						"3.19": [0, -15, 0]
					}
				},
				"bone13": {
					"rotation": {
						"0.0": [0, -7.5, 0],
						"0.7": [0, -25.86, 0],
						"1.29": [0, -29.81, 0],
						"2.11": [0, 12.5, 0],
						"2.46": [0, 26.02, 0],
						"2.87": [0, 19.69, 0],
						"3.19": [0, -7.5, 0]
					}
				}
			}
		},
		"animation.mega_raptor.attack": {
			"animation_length": 1,
			"bones": {
				"bone": {
					"rotation": {
						"0.0": [0, 0, 0],
						"0.37": [-5, 0, 0],
						"0.69": [7.54, 0, 0],
						"1.0": [0, 0, 0]
					}
				},
				"bone4": {
					"rotation": {
						"0.0": [0, 0, 0],
						"0.37": [-17.5, 0, 0],
						"0.59": [-1.11, 0, 0],
						"1.0": [0, 0, 0]
					}
				},
				"bone7": {
					"rotation": {
						"0.0": [0, 0, 0],
						"0.37": [-10, 0, 0],
						"0.46": [-20.28, 0, 0],
						"0.56": [-0.33, 0, 0],
						"1.0": [0, 0, 0]
					}
				},
				"bone8": {
					"rotation": {
						"0.0": [0, 0, 0],
						"0.37": [45, 0, 0],
						"0.56": [-0.36, 0, 0],
						"1.0": [0, 0, 0]
					}
				}
			}
		},
		"animation.mega_raptor.sleep": {
			"loop": true,
			"animation_length": 1,
			"bones": {
				"bone": {
					"rotation": [0, 0, -92.5],
					"position": [-7, -19, 0]
				},
				"bone2": {
					"rotation": [27.5, 0, 0]
				},
				"bone4": {
					"rotation": [25, 0, 0]
				},
				"bone7": {
					"rotation": [17.5, 0, 0]
				},