{
	"format_version": "1.8.0",
	"animations": {
		"animation.shantungosaurus.sit": {
			"loop": true,
			"bones": {
				"bone31": {
					"rotation": [-49.15748, 11.23406, 10.09228],
					"position": [0, 6, 0]
				},
				"bone32": {
					"rotation": [-32.5, 0, 0]
				},
				"bone33": {
					"rotation": [22.5, 0, 0]
				},
				"bone34": {
					"rotation": [50, 0, 0]
				},
				"bone35": {
					"rotation": [55, 0, 0]
				},
				"bone15": {
					"rotation": [-54.2761, -10.80086, -10.574],
					"position": [0, 6, 0]
				},
				"bone16": {
					"rotation": [-25, 0, 0]
				},
				"bone17": {
					"rotation": [22.5, 0, 0]
				},
				"bone18": {
					"rotation": [50, 0, 0]
				},
				"bone19": {
					"rotation": [52.5, 0, 0]
				},
				"bone20": {
					"rotation": [20, 0, 0]
				},
				"bone21": {
					"rotation": [-92.5, 0, 0]
				},
				"bone13": {
					"rotation": [-25, 0, 0]
				},
				"bone14": {
					"rotation": [75, 0, 0]
				},
				"bone27": {
					"rotation": [-90, 0, 0]
				},
				"bone9": {
					"rotation": [-32.5, 0, 0]
				},
				"bone10": {
					"rotation": [82.38108, -2.26954, 2.77445]
				},
				"bone28": {
					"rotation": [45, 0, 0]
				},
				"bone29": {
					"rotation": [45, 0, 0]
				},
				"Shantungosaurus": {
					"position": [0, -18, 0]
				},
				"bone22": {
					"rotation": [-7.5, 0, 0]
				},
				"bone23": {
					"rotation": [-7.5, 0, 0]
				},
				"bone24": {
					"rotation": [7.5, 0, 0]
				},
				"bone25": {
					"rotation": [17.5, 0, 0]
				},
				"bone26": {
					"rotation": [17.5, 0, 0]
				}
			}
		},
		"animation.shantungosaurus.walk": {
			"loop": true,
			"animation_length": 1.56,
			"bones": {
				"bone32": {
					"rotation": {
						"0.0": [-25, 0, 0],
						"0.52": [5, 0, 0],
						"0.76": [0.58, 0, 0],
						"1.08": [10.35, 0, 0],
						"1.28": [-21.88, 0, 0],
						"1.56": [-25, 0, 0]
					}
				},
				"bone33": {
					"rotation": {
						"0.0": [40, 0, 0],
						"0.52": [12.5, 0, 0],
						"0.76": [-11.15, 0, 0],
						"1.08": [-15.69, 0, 0],
						"1.28": [55.01, 0, 0],
						"1.56": [40, 0, 0]
					}
				},
				"bone34": {
					"rotation": {
						"0.0": [57.5, 0, 0],
						"0.52": [-2.5, 0, 0],
						"0.76": [6.35, 0, 0],
						"1.08": [4.31, 0, 0],
						"1.28": [78.97, 0, 0],
						"1.56": [57.5, 0, 0]
					}
				},
				"bone35": {
					"rotation": {
						"0.0": [62.5, 0, 0],
						"0.52": [3.83563, 5.9066, 5.73085],
						"0.76": [7.37356, 4.54354, 4.40834],
						"1.08": [9.42414, 2.72612, 2.64501],
						"1.28": [81.53908, 1.59024, 1.54292],
						"1.56": [62.5, 0, 0]
					}
				},
				"bone21": {
					"rotation": {
						"0.0": [12.5, 0, 0],
						"0.52": [5, 0, 0],
						"0.76": [-30.77, 0, 0],
						"1.08": [-10.96, 0, 0],
						"1.56": [12.5, 0, 0]
					},
					"position": {
						"0.0": [0, 0, 0],
						"0.52": [0, 0, -1],
						"0.76": [0, 0, -2.77],
						"1.08": [0, 0, -3.66],
						"1.28": [0, 0, 0.86],
						"1.56": [0, 0, 0]
					}
				},
				"bone28": {
					"rotation": {
						"0.0": [-7.5, 0, 0],
						"0.52": [32.5, 0, 0],
						"0.76": [30.77, 0, 0],
						"1.08": [-12.04, 0, 0],
						"1.28": [-0.15, 0, 0],
						"1.56": [-7.5, 0, 0]
					}
				},
				"bone13": {
					"rotation": {
						"0.0": [17.5, 0, 0],
						"0.52": [-22.5, 0, 0],
						"0.76": [-28.27, 0, 0],
						"1.08": [-2.46, 0, 0],
						"1.28": [3.36, 0, 0],
						"1.56": [17.5, 0, 0]
					}
				},
				"bone14": {
					"rotation": {
						"0.0": [-22.5, 0, 0],
						"0.52": [87.5, 0, 0],
						"0.76": [119.62, 0, 0],
						"1.08": [27.77, 0, 0],
						"1.28": [-0.68, 0, 0],
						"1.56": [-22.5, 0, 0]
					},
					"position": {
						"0.0": [0, 0.7, -0.2],
						"1.08": [0, 0.7, -0.2],
						"1.28": [0, 0.3, -0.2],
						"1.56": [0, 0.7, -0.2]
					}
				},
				"bone": {
					"rotation": {
						"0.0": {
							"post": [0, 0, 0],
							"lerp_mode": "catmullrom"
						},
						"0.52": {
							"post": [0, 2.5, 0],
							"lerp_mode": "catmullrom"
						},
						"0.76": {
							"post": [0, -0.29, 0],
							"lerp_mode": "catmullrom"
						},
						"1.08": {
							"post": [0, -2.88, 0],
							"lerp_mode": "catmullrom"
						},
						"1.28": {
							"post": [0, 0.58, 0],
							"lerp_mode": "catmullrom"
						},
						"1.56": {
							"post": [0, 0, 0],
							"lerp_mode": "catmullrom"
						}
					},
					"position": {
						"0.0": {
							"post": [0, 0, 0],
							"lerp_mode": "catmullrom"
						},
						"0.52": {
							"post": [0, -1, 0],
							"lerp_mode": "catmullrom"
						},
						"0.76": {
							"post": [0, 0.11, 0],
							"lerp_mode": "catmullrom"
						},
						"1.08": {
							"post": [0, -0.85, 0],
							"lerp_mode": "catmullrom"
						},
						"1.28": {
							"post": [0, -0.58, 0],
							"lerp_mode": "catmullrom"
						},
						"1.56": {
							"post": [0, 0, 0],
							"lerp_mode": "catmullrom"
						}
					}
				},
				"bone2": {
					"rotation": {
						"0.0": {
							"post": [0, 0, 0],
							"lerp_mode": "catmullrom"
						},
						"0.52": {
							"post": [0, -2.5, 0],
							"lerp_mode": "catmullrom"
						},
						"0.76": {
							"post": [0, 0.29, 0],
							"lerp_mode": "catmullrom"
						},
						"1.08": {
							"post": [0, 2.88, 0],
							"lerp_mode": "catmullrom"
						},
						"1.28": {
							"post": [0, -0.58, 0],
							"lerp_mode": "catmullrom"
						},
						"1.56": {
							"post": [0, 0, 0],
							"lerp_mode": "catmullrom"
						}
					}
				},
				"bone31": {
					"rotation": {
						"0.0": [0, 0, 0],
						"0.52": [-17.5, 0, 0],
						"0.76": [4.04, 0, 0],
						"1.08": [12.42, 0, 0],
						"1.56": [0, 0, 0]
					},
					"position": {
						"0.0": [0, 0, 0],
						"0.52": [0, 1, -2],
						"0.76": [0, 0, -0.54],
						"1.08": [0, 1, -0.32],
						"1.56": [0, 0, 0]
					}
				},
				"bone36": {
					"rotation": [0, 0, 0]
				},
				"bone15": {
					"rotation": {
						"0.0": [0, 0, 0],
						"0.52": [7.5, 0, 0],
						"0.76": [3.27, 0, 0],
						"1.08": [-18.04, 0, 0],
						"1.28": [-30.52, 0, 0],
						"1.56": [0, 0, 0]
					},
					"position": {
						"0.0": [0, 0, 0],
						"0.52": [0, 0, 1],
						"0.76": [0, 1, -0.23],
						"1.08": [0, 0.6, -2.14],
						"1.28": [0, 0.35, -3.25],
						"1.56": [0, 0, 0]
					}
				},
				"bone16": {
					"rotation": {
						"0.0": [0, 0, 0],
						"0.52": [15, 0, 0],
						"0.76": [-28.46, 0, 0],
						"1.28": [10.04, 0, 0],
						"1.56": [0, 0, 0]
					},
					"position": [0, 1, 0]
				},
				"bone17": {
					"rotation": {
						"0.0": [0, 0, 0],
						"0.52": [-20.17676, 0.44476, 1.25968],
						"0.76": [54.47941, 0.34213, 0.96898],
						"1.08": [47.68765, 0.20528, 0.58139],
						"1.28": [17.81779, 0.11974, 0.33914],
						"1.56": [0, 0, 0]
					}
				},
				"bone18": {
					"rotation": {
						"0.0": [0, 0, 0],
						"0.52": [0, 0, 0],
						"0.76": [77.5, 0, 0],
						"1.08": [66.5, 0, 0],
						"1.28": [3.79, 0, 0],
						"1.56": [0, 0, 0]
					}
				},
				"bone19": {
					"rotation": {
						"0.0": [0, 0, 0],
						"0.52": [0, 0, 0],
						"0.76": [72.5, 0, 0],
						"1.08": [58.5, 0, 0],
						"1.28": [1.63, 0, 0],
						"1.56": [0, 0, 0]
					}
				},
				"bone22": {
					"rotation": {
						"0.0": {
							"post": [0, -2.5, 0],
							"lerp_mode": "catmullrom"
						},
						"0.52": {
							"post": [0, 5, 0],
							"lerp_mode": "catmullrom"
						},
						"1.08": {
							"post": [0, 3.82, 0],
							"lerp_mode": "catmullrom"
						},
						"1.56": {
							"post": [0, -2.5, 0],
							"lerp_mode": "catmullrom"
						}
					}
				},
				"bone23": {
					"rotation": {
						"0.0": {
							"post": [0, -5, 0],
							"lerp_mode": "catmullrom"
						},
						"0.52": {
							"post": [0, 2.5, 0],
							"lerp_mode": "catmullrom"
						},
						"1.56": {
							"post": [0, -5, 0],
							"lerp_mode": "catmullrom"
						}
					}
				},
				"bone24": {
					"rotation": {
						"0.0": {
							"post": [0, -7.5, 0],
							"lerp_mode": "catmullrom"
						},
						"0.24": {
							"post": [0, -8.63, 0],