{
	"format_version": "1.8.0",
	"animations": {
		"animation.thorny_dragon_corriendo": {
			"loop": true,
			"animation_length": 2.08,
			"bones": {
				"Pt1": {
					"rotation": {
						"0.0": [-32.5, 0, 0],
						"0.52": [-22.5, 0, 0],
						"1.04": [-10.83333, 0, 0],
						"1.56": [18.33333, 0, 0],
						"1.84": [33.46154, 0, 0],
						"2.08": [-32.5, 0, 0]
					},
					"position": {
						"0.0": [0, 0, -3],
						"0.52": [0, 0, -5],
						"1.04": [0, 1, -2.33],
						"1.56": [0, 0.5, 0.34],
						"2.08": [0, 0, -3]
					}
				},
				"Pt2": {
					"rotation": {
						"0.0": [-15, 0, 0],
						"0.52": [10, 0, 0],
						"1.04": [14.16667, 0, 0],
						"1.56": [22.08333, 0, 0],
						"1.84": [-17.88462, 0, 0],
						"2.08": [-15, 0, 0]
					}
				},
				"Pt3": {
					"rotation": {
						"0.0": [-17.5, 0, 0],
						"0.52": [15, 0, 0],
						"1.04": [-3.33333, 0, 0],
						"1.56": [-40.41667, 0, 0],
						"1.84": [24.42308, 0, 0],
						"2.08": [-17.5, 0, 0]
					},
					"position": {
						"0.0": [0, 0, 0],
						"0.52": [0, 1, 0],
						"1.04": [0, 0.67, 0],
						"1.56": [0, 0.34, -1],
						"1.84": [0, 1.16, -0.46],
						"2.08": [0, 0, 0]
					}
				},
				"Pt4": {
					"rotation": {
						"0.0": [0, 0, 0],
						"0.52": [5, 0, 0],
						"0.8": [5.0641, 0, 0],
						"1.04": [-36.66667, 0, 0],
						"1.56": [-13.33333, 0, 0],
						"2.08": [0, 0, 0]
					},
					"position": {
						"0.0": [0, 0, 0],
						"0.52": [0, 1, 1],
						"1.04": [0, 1, -1],
						"1.56": [0, 0.5, -2.5],
						"2.08": [0, 0, 0]
					}
				},
				"Pt5": {
					"rotation": {
						"0.0": [0, 0, 0],
						"0.52": [17.5, 0, 0],
						"0.8": [-12.75641, 0, 0],
						"1.04": [-10.83333, 0, 0],
						"1.56": [7.08333, 0, 0],
						"2.08": [0, 0, 0]
					}
				},
				"Pt6": {
					"rotation": {
						"0.0": [0, 0, 0],
						"0.52": [-20, 0, 0],
						"0.8": [16.66667, 0, 0],
						"1.04": [-30.83333, 0, 0],
						"1.56": [7.08333, 0, 0],
						"2.08": [0, 0, 0]
					},
					"position": {
						"0.0": [0, 0, 0],
						"0.52": [0, 0, 0],
						"0.8": [0, 1, 0],
						"1.04": [0, 0, 0],
						"1.56": [0, 0, 0],
						"2.08": [0, 0, 0]
					}
				},
				"Ptt5": {
					"rotation": {
						"0.0": [-25, 0, 0],
						"0.52": [-37.5, 0, 0],
						"1.04": [-20.83333, 0, 0],
						"1.56": [-0.41667, 0, 0],
						"1.8": [18.23718, 0, 0],
						"2.08": [-25, 0, 0]
					},
					"position": {
						"0.0": [0, 0, -2],
						"0.52": [0, 0, -3],
						"1.04": [0, 1, 2.33],
						"1.56": [0, 0.5, 2.17],
						"2.08": [0, 0, -2]
					}
				},
				"Ptt6": {
					"rotation": {
						"0.0": [35, 0, 0],
						"0.52": [22.5, 0, 0],
						"1.04": [9.16667, 0, 0],
						"1.56": [2.08333, 0, 0],
						"2.08": [35, 0, 0]
					}
				},
				"Ptt7": {
					"rotation": {
						"0.0": [-35, 0, 0],
						"0.52": [22.5, 0, 0],
						"1.04": [18.33333, 0, 0],
						"1.56": [19.16667, 0, 0],
						"1.8": [-23.33333, 0, 0],
						"2.08": [-35, 0, 0]
					}
				},
				"Ptt8": {
					"rotation": {
						"0.0": [65, 0, 0],
						"0.52": [-7.5, 0, 0],
						"1.04": [-8.33333, 0, 0],
						"1.56": [-24.16667, 0, 0],
						"1.8": [79.48718, 0, 0],
						"2.08": [65, 0, 0]
					},
					"position": {
						"0.0": [0, 0, 0],
						"0.52": [0, 0, 0],
						"2.08": [0, 0, 0]
					}
				},
				"Cuerpo": {
					"rotation": {
						"0.0": {
							"post": [0, -2.5, 0],
							"lerp_mode": "catmullrom"
						},
						"0.24": {
							"post": [0, -2.45335, 0],
							"lerp_mode": "catmullrom"
						},
						"0.52": {
							"post": [0, 2.5, 0],
							"lerp_mode": "catmullrom"
						},
						"0.76": {
							"post": [0, 5.30269, 0],
							"lerp_mode": "catmullrom"
						},
						"1.04": {
							"post": [0, -2.5, 0],
							"lerp_mode": "catmullrom"
						},
						"1.28": {
							"post": [0, -3.13459, 0],
							"lerp_mode": "catmullrom"
						},
						"1.56": {
							"post": [0, 2.1875, 0],
							"lerp_mode": "catmullrom"
						},
						"1.8": {
							"post": [0, 5.42494, 0],
							"lerp_mode": "catmullrom"
						},
						"2.08": {
							"post": [0, -2.5, 0],
							"lerp_mode": "catmullrom"
						}
					}
				},
				"Ptc1": {
					"rotation": {
						"0.0": {
							"post": [0, -7.5, 0],
							"lerp_mode": "catmullrom"
						},
						"0.52": {
							"post": [0, 7.5, 0],
							"lerp_mode": "catmullrom"
						},
						"1.04": {
							"post": [0, -7.5, 0],
							"lerp_mode": "catmullrom"
						},
						"1.56": {
							"post": [0, 9.0625, 0],
							"lerp_mode": "catmullrom"
						},
						"2.08": {
							"post": [0, -7.5, 0],
							"lerp_mode": "catmullrom"
						}
					}
				},
				"Ptc2": {
					"rotation": {
						"0.0": {
							"post": [0, -15, 0],
							"lerp_mode": "catmullrom"
						},
						"0.52": {
							"post": [0, 2.5, 0],
							"lerp_mode": "catmullrom"
						},
						"1.04": {
							"post": [0, -15, 0],
							"lerp_mode": "catmullrom"
						},
						"1.56": {
							"post": [0, -1.09375, 0],
							"lerp_mode": "catmullrom"
						},
						"2.08": {
							"post": [0, -15, 0],
							"lerp_mode": "catmullrom"
						}
					}
				},
				"Ptc3": {
					"rotation": {
						"0.0": {
							"post": [0, -15, 0],
							"lerp_mode": "catmullrom"
						},
						"0.2": {
							"post": [0, -19.44356, 0],
							"lerp_mode": "catmullrom"
						},
						"0.52": {
							"post": [0, 5, 0],
							"lerp_mode": "catmullrom"
						},
						"0.76": {
							"post": [0, 13.73382, 0],
							"lerp_mode": "catmullrom"
						},
						"1.04": {
							"post": [0, -15, 0],
							"lerp_mode": "catmullrom"
						},
						"1.32": {
							"post": [0, -14.54334, 0],
							"lerp_mode": "catmullrom"
						},
						"1.56": {
							"post": [0, 8.75, 0],
							"lerp_mode": "catmullrom"
						},
						"1.76": {
							"post": [0, 11.96037, 0],
							"lerp_mode": "catmullrom"
						},
						"2.08": {
							"post": [0, -15, 0],
							"lerp_mode": "catmullrom"
						}
					}
				},
				"Ptc4": {
					"rotation": {
						"0.0": {
							"post": [0, -15, 0],
							"lerp_mode": "catmullrom"
						},
						"0.2": {
							"post": [0, -14.89417, 0],
							"lerp_mode": "catmullrom"
						},
						"0.36": {
							"post": [0, -21.27318, 0],
							"lerp_mode": "catmullrom"
						},
						"0.52": {
							"post": [0, 22.5, 0],
							"lerp_mode": "catmullrom"
						},
						"0.76": {
							"post": [0, 23.82328, 0],
							"lerp_mode": "catmullrom"
						},
						"0.92": {
							"post": [0, 16.41881, 0],
							"lerp_mode": "catmullrom"
						},
						"1.04": {
							"post": [0, -15, 0],
							"lerp_mode": "catmullrom"
						},
						"1.32": {
							"post": [0, -15.75793, 0],
							"lerp_mode": "catmullrom"
						},
						"1.44": {
							"post": [0, -18.46345, 0],
							"lerp_mode": "catmullrom"
						},
						"1.56": {
							"post": [0, 15.15625, 0],
							"lerp_mode": "catmullrom"
						},
						"1.76": {
							"post": [0, 14.32967, 0],
							"lerp_mode": "catmullrom"
						},
						"1.88": {
							"post": [0, 21.62977, 0],
							"lerp_mode": "catmullrom"
						},
						"2.08": {
							"post": [0, -15, 0],
							"lerp_mode": "catmullrom"
						}
					}
				},
				"Ptt1": {
					"rotation": {
						"0.0": [0, 0, 0],
						"0.52": [12.5, 0, 0],
						"1.04": [-21.66667, 0, 0],
						"1.56": [-28.33333, 0, 0],
						"2.08": [0, 0, 0]
					},
					"position": {
						"0.0": [0, 0, 0],
						"0.52": [0, 0, 1.5],
						"0.8": [0, 0, -1.85],
						"1.04": [0, 0, -1],
						"1.56": [0, 0, -2.5],
						"2.08": [0, 0, 0]
					}
				},
				"Ptt2": {
					"rotation": {
						"0.0": [0, 0, 0],
						"0.52": [-5, 0, 0],
						"0.8": [47.4359, 0, 0],
						"1.04": [36.66667, 0, 0],
						"1.56": [8.33333, 0, 0],
						"2.08": [0, 0, 0]
					}
				},
				"Ptt3": {
					"rotation": {
						"0.0": [0, 0, 0],
						"0.52": [32.5, 0, 0],
						"0.8": [-12.5641, 0, 0],
						"1.04": [-23.33333, 0, 0],
						"1.56": [10.83333, 0, 0],
						"2.08": [0, 0, 0]
					}
				},
				"Ptt4": {
					"rotation": {
						"0.0": [0, 0, 0],