{
	"format_version": "1.8.0",
	"animations": {
		"animation.valenictus.sit": {
			"loop": true,
			"bones": {
				"bone11": {
					"rotation": [-77.5, 0, 0]
				},
				"bone12": {
					"rotation": [-30, 0, 0],
					"position": [0, 2, -1.4]
				},
				"bone13": {
					"rotation": [42, 0, 0]
				},
				"bone18": {
					"scale": [1, 1.04, 1]
				}
			}
		},
		"animation.valenictus.walk": {
			"loop": true,
			"animation_length": 1.0417,
			"bones": {
				"bone17": {
					"rotation": {
						"0.0": [0, 2.5, 0],
						"0.5": [0, -2.5, 0],
						"1.0": [0, 2.5, 0]
					}
				},
				"bone16": {
					"rotation": {
						"0.0": [0, 2.5, 0],
						"0.5": [0, -2.5, 0],
						"1.0": [0, 2.5, 0]
					}
				},
				"bone15": {
					"rotation": {
						"0.0": [0, 2.5, 0],
						"0.5": [0, -2.5, 0],
						"1.0": [0, 2.5, 0]
					},
					"position": {
						"0.0": [0.9, 0, 0],
						"0.5": [-0.8, 0, 0],
						"1.0": [0.7, 0, 0]
					}
				},
				"bone10": {
					"rotation": {
						"0.0": [-7.07318, 2.63649, 2.08244],
						"0.25": [10.42682, 2.63649, 2.08244],
						"0.75": [-9.57318, 2.63649, 2.08244],
						"1.0417": [-7.07318, 2.63649, 2.08244]
					},
					"position": {
						"0.0": [-1.4, 0, 0],
						"0.25": [0.3, 0, 0],
						"0.4583": [2.1, 0, 0],
						"0.75": [0.3, 0, 0],
						"1.0417": [-1.4, 0, 0]
					}
				},
				"bone11": {
					"rotation": {
						"0.0": [-12.14955, 2.16162, 1.78283],
						"0.375": [10.35045, 2.16162, 1.78283],
						"1.0": [-12.14955, 2.16162, 1.78283]
					}
				},
				"bone2": {
					"rotation": {
						"0.0": [-25, 0, 0],
						"0.25": [-5.12638, 3.58008, 34.83968],
						"0.5": [12.5, 0, 0],
						"1.0": [-22.5, 0, 0]
					},
					"position": [-0.3, 0, 0]
				},
				"bone3": {
					"rotation": {
						"0.0": [0, -22.5, 0],
						"0.25": [-0.38253, -0.81258, 24.99911],
						"0.5": [0, 20, 0],
						"1.0": [0, -20, 0]
					}
				},
				"bone4": {
					"rotation": {
						"0.0": [27.5, 0, 0],
						"0.5": [-25, 0, 0],
						"0.75": [3.16402, 2.01385, -32.44438],
						"1.0": [32.5, 0, 0]
					},
					"position": [0.2, 0, 0]
				},
				"bone5": {
					"rotation": {
						"0.0": [0, -25, 0],
						"0.5": [0, 27.5, 0],
						"0.75": [1.90203, -3.67379, -27.56433],
						"1.0": [0, -35, 0]
					}
				},
				"Leg3": {
					"rotation": {
						"0.0": [7.94592, 14.98368, 15.83132],
						"0.5": [0, 0, 0],
						"1.0": [7.94592, 14.98368, 15.83132]
					}
				},
				"Leg4": {
					"rotation": {
						"0.0": [0, 0, 0],
						"0.5": [3.7992, -7.5, -12.5205],
						"1.0": [0, 0, 0]
					}
				},
				"papada": {
					"rotation": {
						"0.0": [5, 0, 0],
						"0.2917": [0, 0, 0],
						"0.5417": [0, 0, 0],
						"1.0417": [5, 0, 0]
					},
					"scale": {
						"0.0": [1, 1.6, 0.9],
						"0.2917": [1, 1, 1],
						"0.5417": [1, 1, 1],
						"1.0417": [1, 1.6, 0.9]
					}
				},
				"bone20": {
					"position": [0, 0, 0],
					"scale": [1, 0.9, 0.9]
				}
			}
		},
		"animation.valenictus.attack": {
			"loop": true,
			"animation_length": 1.04167,
			"bones": {
				"bone10": {
					"rotation": {
						"0.0": [7.5, 0, 0],
						"0.25": [-25, 0, 0],
						"0.5": [37.5, 0, 0],
						"0.875": [0, 0, 0]
					}
				},
				"bone11": {
					"rotation": {
						"0.0": [2.5, 0, 0],
						"0.25": [-32.5, 0, 0],
						"0.6667": [27.5, 0, 0],
						"0.875": [2.5, 0, 0]
					}
				},
				"Head": {
					"rotation": {
						"0.0": [0, 0, 0],
						"0.1667": [-30, 0, 0],
						"0.4583": [-30, 0, 0],
						"0.5417": [0, 0, 0]
					},
					"scale": {
						"0.0": [1, 1, 1],
						"0.1667": [1, 1, 1],
						"0.4583": [1, 1, 1],
						"0.5417": [1, 1, 1]
					}
				},
				"Jaw": {
					"rotation": {
						"0.0": [0, 0, 0],
						"0.1667": [50, 0, 0],
						"0.4583": [50, 0, 0],
						"0.5417": [0, 0, 0]
					},
					"position": {
						"0.0": [0, 0, 0],
						"0.1667": [0, 0, 0],
						"0.4583": [0, 0, 0],
						"0.5417": [0, 0, 0]
					}
				},
				"bone19": {
					"rotation": {
						"0.0": [0, 0, 0],
						"0.25": [-2.5, 0, 0],
						"0.4583": [0, 0, 0]
					},
					"position": {
						"0.0": [0, 0, 0],
						"0.25": [0, 0.5, -5],
						"0.4583": [0, 0, 0]
					},
					"scale": {
						"0.0": [1, 1, 1],
						"0.25": [1, 1, 1],
						"0.4583": [1, 1, 1]
					}
				},
				"papada": {
					"rotation": {
						"0.0": [0, 0, 0],
						"0.2917": [30, 0, 0],
						"0.7083": [30, 0, 0],
						"1.0": [0, 0, 0]
					},
					"scale": {
						"0.0": [1, 1, 1],
						"0.2917": [1, 1.6, 0.9],
						"0.7083": [1, 1.6, 0.9],
						"1.0": [1, 1, 1]
					}
				},
				"bone20": {
					"rotation": {
						"0.3333": [0, 0, 0],
						"0.4167": [25, 0, 0],
						"0.7083": [25, 0, 0],
						"0.9167": [0, 0, 0]
					},
					"position": {
						"0.3333": [0, 0, 0],
						"0.4583": [0, -1.9, 5.6],
						"0.7083": [0, 0, 2],
						"0.9167": [0, 0, 0]
					},
					"scale": {
						"0.3333": [1, 1, 1],
						"0.4583": [1.66, 1, 0.83],
						"0.5": [1.66, 0.7, 0.83],
						"0.75": [1.66, 1, 0.63],
						"0.9167": [1, 1, 1]
					}
				},
				"bone21": {
					"rotation": {
						"0.0": [0, 0, 0],
						"1.0417": [0, 0, 0]
					},
					"position": {
						"0.0": [0, 0, 0],
						"1.0417": [0, 0, 0]
					}
				}
			}
		},
		"animation.valenictus.idle": {
			"loop": true,
			"animation_length": 26.66667,
			"bones": {
				"bone21": {
					"rotation": {
						"0.0833": [0, 0, 0],
						"0.875": [0, 0, 0],
						"1.3333": [9, 0, 0],
						"1.7083": [9, 0, 0],
						"2.7917": [0, 0, 0],
						"15.625": [0, 0, 0],
						"16.4167": [0, 0, 0],
						"17.2917": [9, 0, 0],
						"18.25": [9, 0, 0],
						"19.3333": [0, 0, 0]
					},
					"position": {
						"0.0833": [0, 0, 0],
						"0.875": [0, 0, 0],
						"1.3333": [0, 0, 0],
						"1.7083": [0, 0, 0],
						"2.7917": [0, 0, 0],
						"15.625": [0, 0, 0],
						"16.4167": [0, 0, 0],
						"17.2917": [0, 0, 0],
						"18.25": [0, 0, 0],
						"19.3333": [0, 0, 0]
					},
					"scale": {
						"0.0833": [1, 1, 1],
						"0.875": [1, 1, 1],
						"1.3333": [1, 1, 1],
						"1.7083": [1, 1, 1],
						"2.7917": [1, 1, 1],
						"15.625": [1, 1, 1],
						"16.4167": [1, 1, 1],
						"17.2917": [1, 1, 1],
						"18.25": [1, 1, 1],
						"19.3333": [1, 1, 1]
					}
				},
				"bone11": {
					"rotation": {
						"0.0": [7.5, 0, 0],
						"4.125": [-2.5, 0, 0],
						"8.6667": [7.5, 0, 0],
						"9.375": [-0.12269, -0.19795, -9.99806],
						"9.625": [0.30453, 0.18635, 14.99887],
						"9.8333": [-0.12269, -0.19795, -9.99806],
						"10.0417": [0.30453, 0.18635, 14.99887],
						"10.25": [-0.12269, -0.19795, -9.99806],
						"10.4583": [0.30453, 0.18635, 14.99887],
						"11.0417": [0.98033, 0.16915, 3.52996],
						"11.8333": [7.5, 0, 0],
						"15.9583": [-2.5, 0, 0],
						"20.5": [7.5, 0, 0]
					}
				},
				"bone20": {
					"scale": [1, 1, 0.9]
				},
				"bone22": {
					"rotation": {
						"0.75": [0, 0, 0],
						"1.3333": [-2, 0, 0],
						"1.8333": [-2, 0, 0],
						"3.5833": [0, 0, 0],
						"16.2917": [0, 0, 0],
						"17.2917": [-2, 0, 0],
						"18.375": [-2, 0, 0],
						"20.125": [0, 0, 0]
					},
					"position": {
						"0.75": [0, 0, 0],
						"1.3333": [0, -0.4, 0],
						"1.8333": [0, -0.4, 0],
						"3.5833": [0, 0, 0],
						"16.2917": [0, 0, 0],
						"17.2917": [0, -0.4, 0],
						"18.375": [0, -0.4, 0],
						"20.125": [0, 0, 0]
					},
					"scale": {
						"0.7917": [1, 1, 1],
						"1.3333": [1, 1.1, 1],
						"1.8333": [1, 1.1, 1],
						"3.5417": [1, 1, 1],
						"16.3333": [1, 1, 1],
						"17.2917": [1, 1.1, 1],
						"18.375": [1, 1.1, 1],
						"20.0833": [1, 1, 1]
					}
				},
				"Head": {
					"rotation": {
						"16.3333": [0, 0, 0],
						"18.0417": [-17.5, 0, 0],
						"18.125": [5, 0, 0],
						"18.2083": [5, 0, 0],
						"18.5833": [0, 0, 0]
					},
					"position": {
						"16.3333": [0, 0, 0],
						"18.0417": [0, 0, 0],
						"18.125": [0, 0, 0],
						"18.2083": [0, 0, 0],
						"18.5833": [0, 0, 0]
					}
				},
				"bone23": {
					"rotation": {
						"3.375": [0, 0, 0],
						"3.5417": [22.5, 0, 0],