{
	"format_version": "1.8.0",
	"animations": {
		"animation.wakaleo.walk": {
			"loop": true,
			"animation_length": 1,
			"bones": {
				"tail": {
					"rotation": {
						"0.0": [-1.28774, 18.42031, -7.92945],
						"0.5": [9.82886, -24.89932, 9.37357],
						"1.0": [-1.28774, 18.42031, -7.92945]
					}
				},
				"Lleg": {
					"rotation": {
						"0.0": [5, 0, 0],
						"0.5": [-27.5, 0, 0],
						"1.0": [7.5, 0, 0]
					}
				},
				"Lleg2": {
					"rotation": {
						"0.0": [-30, 0, 0],
						"0.5": [12.5, 0, 0],
						"1.0": [-27.5, 0, 0]
					}
				},
				"bone6": {
					"rotation": [0, 0, 0]
				},
				"Rleg": {
					"rotation": {
						"0.0": [-17.5, 0, 0],
						"0.5": [27.5, 0, 0],
						"1.0": [-20, 0, 0]
					}
				},
				"Rleg2": {
					"rotation": {
						"0.0": [30, 0, 0],
						"0.5": [-17.5, 0, 0],
						"1.0": [17.5, 0, 0]
					}
				},
				"Body": {
					"rotation": {
						"0.0": [7.5, 0, 0],
						"0.5": [-10, 0, 0],
						"1.0": [7.5, 0, 0]
					},
					"position": {
						"0.0": [0, 0, -2],
						"0.5": [0, -2, 3],
						"1.0": [0, 0, -2]
					}
				},
				"neck": {
					"rotation": {
						"0.0": [0, 0, 0],
						"0.5": [12.5, 0, 0],
						"1.0": [0, 0, 0]
					},
					"position": {
						"0.0": [0, 0, 0],
						"0.5": [0, -2, 0],
						"1.0": [0, 0, 0]
					}
				}
			}
		},
		"animation.wakaleo.escalar": {
			"loop": true,
			"animation_length": 1.04167,
			"bones": {
				"tail": {
					"rotation": {
						"0.0": [1.04116, -6.58699, 0.60594],
						"0.5": [1.15985, 10.59054, 3.96468],
						"1.0": [0.99632, -4.13306, 1.08583]
					}
				},
				"bone2": {
					"rotation": {
						"0.0": [-0.17458, -6.92618, 2.88419],
						"0.5": [0, 0, 0],
						"1.0": [-0.49008, -11.53486, 4.8493]
					}
				},
				"Lleg": {
					"rotation": {
						"0.0": [5, 0, 0],
						"0.5": [-27.5, 0, 0],
						"1.0": [7.5, 0, 0]
					}
				},
				"Lleg2": {
					"rotation": {
						"0.0": [-30, 0, 0],
						"0.5": [12.5, 0, 0],
						"1.0": [-27.5, 0, 0]
					}
				},
				"bone6": {
					"rotation": [0, 0, 0]
				},
				"Rleg": {
					"rotation": {
						"0.0": [-17.5, 0, 0],
						"0.5": [27.5, 0, 0],
						"1.0": [-20, 0, 0]
					}
				},
				"Rleg2": {
					"rotation": {
						"0.0": [30, 0, 0],
						"0.5": [-17.5, 0, 0],
						"1.0": [17.5, 0, 0]
					}
				},
				"Sm": {
					"rotation": [-85, 0, 0],
					"position": [0, 3, -21]
				}
			}
		},
		"animation.wakaleo.idle": {
			"loop": true,
			"animation_length": 11.08333,
			"bones": {
				"Body": {
					"rotation": {
						"8.75": [2.5, 0, 0],
						"9.9167": [15, 0, 0],
						"11.0833": [0, 0, 0]
					}
				},
				"jaw": {
					"rotation": {
						"0.0": [0, 0, 0],
						"0.5833": [40, 0, 0],
						"1.3333": [-2.5, 0, 0]
					}
				},
				"bone13": {
					"rotation": {
						"8.75": [0, 0, 0],
						"9.8333": [30, 0, 0],
						"10.5833": [16.5, 0, 0],
						"11.0833": [2.5, 0, 0]
					},
					"position": {
						"8.75": [0, 0, 0],
						"9.8333": [0, 0, -7],
						"11.0833": [0, 0, -1]
					}
				},
				"tail": {
					"rotation": {
						"9.3333": [0, 0, 0],
						"10.0": [37.5, 0, 0],
						"10.6667": [0, 0, 0]
					},
					"position": {
						"9.3333": [0, 0, 0],
						"10.0": [0, -1, 6],
						"10.6667": [0, 0, 0]
					}
				},
				"neck": {
					"rotation": {
						"8.25": [0, 0, 0],
						"9.3333": [0, -35, 0],
						"10.3333": [0, 35, 0],
						"11.0833": [0, 0, 0]
					},
					"position": {
						"8.25": [0, 0, 0],
						"9.3333": [0, 0, 0],
						"10.3333": [0, 0, 0],
						"11.0833": [0, 0, 0]
					}
				}
			}
		},
		"animation.wakaleo.sleep": {
			"loop": true,
			"animation_length": 1.33333,
			"bones": {
				"Body": {
					"rotation": [0, 0, -50],
					"position": [0, -9, 0]
				},
				"neck": {
					"rotation": [-2.62039, 8.53726, -34.0724]
				},
				"Lleg": {
					"rotation": [-62.5, 0, 0]
				},
				"Lleg2": {
					"rotation": [-36.49816, 7.42496, 13.08081]
				},
				"Rleg": {
					"rotation": [69.06363, -52.08042, -70.27007],
					"position": [2, -12, 0]
				},
				"Rleg2": {
					"rotation": [41.06831, 2.62068, -43.60383],
					"position": [0, -9, 0]
				},
				"Sm": {
					"rotation": [1.70821, -0.30001, -70.07905],
					"position": [15, 5, 0]
				}
			}
		},
		"animation.wakaleo.sit": {
			"loop": true,
			"bones": {
				"Body": {
					"position": [0, -9, 0]
				},
				"tail": {
					"rotation": [17.5, 0, 0]
				},
				"Lleg": {
					"rotation": [-86.08756, 57.58612, -383.44609],
					"position": [0, -14, 0],
					"scale": [1, 0.6, 1]
				},
				"Lleg2": {
					"rotation": [-69.99079, -2.21808, -1.15342],
					"position": [0, -14, 0],
					"scale": [1, 0.6, 1]
				},
				"Rleg": {
					"rotation": [-99.1144, 8.5796, 25.33077],
					"position": [0, -11, 0],
					"scale": [1, 0.8, 1]
				},
				"Rleg2": {
					"rotation": [-99.81806, -3.33462, -29.20497],
					"position": [0, -11, 0],
					"scale": [1, 0.8, 1]
				},
				"Sm": {
					"position": [0, -7, 0]
				},
				"bone8": {
					"rotation": [67.5, 0, 0],
					"position": [0, 0, 0]
				},
				"bone3": {
					"rotation": [67.5, 0, 0],
					"position": [0, 0, 0]
				}
			}
		},
		"animation.wakaleo.attack": {
			"loop": true,
			"animation_length": 1,
			"bones": {
				"neck": {
					"rotation": {
						"0.0": [0, 0, 0],
						"0.5": [-17.5, 0, 0],
						"1.0": [0, 0, 0]
					},
					"position": {
						"0.0": [0, 0, 0],
						"0.5": [0, 0, 0],
						"1.0": [0, 0, 0]
					},
					"scale": {
						"0.0": [1, 1, 1],
						"0.5": [1, 1, 1],
						"0.6": [1, 1, 1.2],
						"0.7": [1, 1, 1],
						"1.0": [1, 1, 1]
					}
				},
				"jaw": {
					"rotation": {
						"0.0": [0, 0, 0],
						"0.5": [47.5, 0, 0],
						"1.0": [0, 0, 0]
					}
				},
				"bone13": {
					"rotation": {
						"0.0": [2.5, 0, 0],
						"0.3": [22.5, 0, 0],
						"0.7": [22.5, 0, 0],
						"1.0": [2.5, 0, 0]
					},
					"position": {
						"0.0": [0, 0, 0],
						"0.3": [0, 2, -6],
						"0.7": [0, 2, -6],
						"1.0": [0, 0, 0]
					}
				},
				"Body": {
					"rotation": {
						"0.0": [0, 0, 0],
						"0.5": [32.5, 0, 0],
						"0.7": [12, 0, 0],
						"1.0": [0, 0, 0]
					},
					"position": {
						"0.0": [0, 0, 0],
						"0.4": [0, 0, 2],
						"0.5": [0, 0, -1.4],
						"0.6": [0, 0, -1.4],
						"0.7": [0, 0, 1.2],
						"1.0": [0, 0, 0]
					}
				},
				"Lleg": {
					"rotation": {
						"0.0": [0, 0, 0],
						"0.5": [-15.20698, 58.0335, -1.71888],
						"0.8": [0, 0, 0],
						"1.0": [0, 0, 0]
					},
					"position": {
						"0.0": [0, 0, 0],
						"0.5": [0, -8, 7],
						"0.8": [0, 0, 0],
						"1.0": [0, 0, 0]
					},
					"scale": {
						"0.0": [1, 1, 1],
						"0.5": [1, 0.8, 1],
						"0.8": [1, 1, 1],
						"1.0": [1, 1, 1]
					}
				},
				"Lleg2": {
					"rotation": {
						"0.0": [0, 0, 0],
						"0.5": [-18.01521, -50.32991, 3.30729],
						"0.8": [0, 0, 0],
						"1.0": [0, 0, 0]
					},
					"position": {
						"0.0": [0, 0, 0],
						"0.5": [0, -8, 7],
						"0.8": [0, 0, 0],
						"1.0": [0, 0, 0]
					},
					"scale": {
						"0.0": [1, 1, 1],
						"0.5": [1, 0.8, 1],
						"0.8": [1, 1, 1],
						"1.0": [1, 1, 1]
					}
				},
				"bone14": {
					"rotation": {
						"0.0": [0, 0, 0],
						"0.3": [-37.5, 0, 0],
						"0.5": [-37.5, 0, 0],
						"0.6": [12.5, 0, 0],
						"1.0": [0, 0, 0]
					},
					"position": {
						"0.0": [0, 0, 0],
						"0.3": [0, 1, 3],
						"0.5": [0, 1, 3],
						"0.6": [0, 0, -2],
						"1.0": [0, 0, 0]
					}
				}
			}
		}
	}
}