{
	"format_version": "1.8.0",
	"animations": {
		"animation.bulbdog.move": {
			"loop": true,
			"animation_length": 1.04,
			"bones": {
				"bocabaja": {
					"rotation": [0, 0, 0]
				},
				"leg1": {
					"rotation": ["math.cos(query.anim_time * 45.17) *  45.0", 0, 0]
				},
				"leg7": {
					"rotation": ["math.cos(query.anim_time * 45.17) * -45.0", 0, 0]
				},
				"Head": {
					"rotation": {
						"0.0": [0, 0, 0],
						"0.32": [17.5, 0, 0],
						"0.72": [-10.5, 0, 0],
						"1.04": [0, 0, 0]
					},
					"position": {
						"0.0": [0, 0, 0],
						"0.32": [0, 0, 0],
						"0.72": [0, 0, 0],
						"1.04": [0, 0, 0]
					}
				},
				"bone27": {
					"rotation": {
						"0.0": [18.07692, 0, 0],
						"0.52": [-23.66235, 0, 0],
						"1.04": [18.07692, 0, 0]
					},
					"position": {
						"0.0": [0, 0, 0],
						"0.52": [0, 0, 0],
						"1.04": [0, 0, 0]
					}
				},
				"bone34": {
					"rotation": {
						"0.0": [-23.66235, 0, 0],
						"0.52": [18.07692, 0, 0],
						"1.04": [-23.66235, 0, 0]
					},
					"position": {
						"0.0": [0, 0, 0],
						"0.52": [0, 0, 0],
						"1.04": [0, 0, 0]
					}
				},
				"bone24": {
					"rotation": {
						"0.0": [18.07692, 0, 0],
						"0.24": [-2.84802, -5.58969, -27.36309],
						"0.52": [-23.66235, -8.31087, -18.25612],
						"0.76": [-3.12311, -24.63596, 8.43434],
						"1.04": [18.07692, 0, 0]
					},
					"position": {
						"0.0": [0, 0, 0],
						"0.52": [0, 0, 0],
						"1.04": [0, 0, 0]
					}
				},
				"bone29": {
					"rotation": {
						"0.0": [-23.66235, 8.3109, -18.25612],
						"0.24": [-3.12311, 24.636, 8.43434],
						"0.52": [18.07692, 0, 0],
						"1.04": [-23.66235, 8.3109, -18.25612]
					},
					"position": {
						"0.0": [0, 0, 0],
						"0.52": [0, 0, 0],
						"1.04": [0, 0, 0]
					}
				}
			}
		},
		"animation.bulbdog.default": {
			"loop": true,
			"animation_length": 1.04,
			"bones": {
				"bocabaja": {
					"rotation": ["math.cos(query.anim_time * 58.17) *  2.0", 0, 0]
				},
				"bocaarriba": {
					"rotation": ["math.cos(query.anim_time * 58.17) * -2.0", 0, 0]
				},
				"leg3": {
					"rotation": [0, 0, "math.cos(query.anim_time * 58.17) * -10.0"]
				},
				"leg2": {
					"rotation": [0, 0, "math.cos(query.anim_time * 58.17) * 10.0"]
				},
				"bone7": {
					"rotation": {
						"0.0": [0, 7.5, 0],
						"0.52": [0, -7.5, 0],
						"1.04": [0, 7.5, 0]
					}
				},
				"Head": {
					"rotation": {
						"0.0": [0, 0, 0],
						"0.52": [2.5, 0, 0],
						"1.04": [0, 0, 0]
					}
				},
				"bone15": {
					"rotation": {
						"0.0": [0, 0, 0],
						"0.52": [7.5, 0, 0],
						"1.04": [0, 0, 0]
					}
				},
				"bone12": {
					"rotation": {
						"0.0": [0, 0, 0],
						"0.52": [-9.5, 0, 0],
						"1.04": [0, 0, 0]
					},
					"position": {
						"0.0": [0, 0, 0],
						"0.52": [0, 0, 0],
						"1.04": [0, 0, 0]
					}
				}
			}
		},
		"animation.bulbdog.sit": {
			"loop": true,
			"bones": {
				"Body": {
					"rotation": [-17.5, 0, 0],
					"position": [0, -1, 0]
				},
				"bone7": {
					"rotation": [12.5, 0, 0]
				},
				"Head": {
					"rotation": [27.5, 0, 0],
					"position": [0, 0, 1]
				}
			}
		}
	}
}