{
	"format_version": "1.8.0",
	"animations": {
		"animation.dimetrodon.default": {
			"loop": true,
			"animation_length": 1.88333,
			"bones": {
				"bone56": {
					"rotation": {
						"0.0": [0, 0, 0],
						"0.8833": [0, 0, 0],
						"1.8833": [0, 0, 0]
					},
					"position": {
						"0.0": [0, 0, 0],
						"0.8833": [0, 1, 0],
						"1.8833": [0, 0, 0]
					}
				},
				"bone36": {
					"rotation": {
						"0.0": [0, 20, 0],
						"0.4833": [0, 7.14, 0],
						"0.8333": [0, -20, 0],
						"1.3167": [0, -11.54, 0],
						"1.8833": [0, 20, 0]
					},
					"position": {
						"0.0": [2, 0, 0],
						"0.4833": [-8.29, 0, 0],
						"0.8333": [-2, 0, 0],
						"1.3167": [5.85, 0, 1],
						"1.8833": [2, 0, 0]
					}
				},
				"bone25": {
					"rotation": {
						"0.0": [0, 0, 0],
						"1.0833": [5, 0, 0],
						"1.8833": [0, 0, 0]
					},
					"position": {
						"0.0": [0, 0, 0],
						"1.0833": [0, 0, 0],
						"1.8833": [0, 0, 0]
					}
				},
				"bone24": {
					"rotation": {
						"0.0": [0, 0, 0],
						"1.0": [5, 0, 0],
						"1.8833": [0, 0, 0]
					},
					"position": {
						"0.0": [0, 0, 0],
						"1.0": [0, -2, 0],
						"1.8833": [0, 0, 0]
					}
				},
				"cola": {
					"rotation": {
						"0.0": [0, 22.5, 0],
						"0.9167": [0, -22.5, 0],
						"1.8833": [0, 22.5, 0]
					},
					"position": {
						"0.0": [-3.9, 0, 0.6],
						"0.4333": [-0.21, 0, 0.39],
						"0.9167": [3.9, 0, 1.1],
						"1.45": [-0.21, 0, 0.39],
						"1.8833": [-3.9, 0, 0.6]
					}
				},
				"boca": {
					"rotation": {
						"0.0": [0, 0, 0],
						"0.8333": [7, 0, 0],
						"1.8833": [0, 0, 0]
					},
					"position": {
						"0.0": [0, 0, 0],
						"0.8333": [0, 0.8, 0.8],
						"1.8833": [0, 0, 0]
					}
				},
				"bone14": {
					"rotation": {
						"0.0": [0, 0, 0],
						"0.9333": [-2.5, 0, 0],
						"1.8833": [0, 0, 0]
					},
					"position": {
						"0.0": [0, 0, 0],
						"0.9333": [0, 0, 0],
						"1.8833": [0, 0, 0]
					}
				}
			}
		},
		"animation.dimetrodon.swimming": {
			"loop": true,
			"animation_length": 1.88333,
			"bones": {
				"bone56": {
					"rotation": {
						"0.0": [0, 0, 0],
						"0.8833": [0, 0, 0],
						"1.8833": [0, 0, 0]
					},
					"position": {
						"0.0": [0, 0, 0],
						"0.8833": [0, 1, 0],
						"1.8833": [0, 0, 0]
					}
				},
				"bone36": {
					"rotation": {
						"0.0": [0, 20, 0],
						"0.8333": [0, -20, 0],
						"1.8833": [0, 20, 0]
					},
					"position": {
						"0.0": [2, 0, 0],
						"0.8333": [-2, 0, 0],
						"1.8833": [2, 0, 0]
					}
				},
				"bone25": {
					"rotation": {
						"0.0": [-5, 0, 5],
						"0.5167": [2.5, 0, 0],
						"1.0": [-5, 0, -5],
						"1.4333": [2.5, 0, 0],
						"1.8833": [-5, 0, 5]
					},
					"position": {
						"0.0": [-5, 0, 0],
						"1.0": [1, -1, 0],
						"1.8833": [-5, 0, 0]
					}
				},
				"bone24": {
					"rotation": {
						"0.0": [-5, -5, 5],
						"0.5167": [2.5, 0, 0],
						"0.8833": [-5, 5, -5],
						"1.4333": [2.5, 0, 0],
						"1.8833": [-5, -5, 5]
					},
					"position": {
						"0.0": [-4, 0, 0],
						"0.5167": [-2.05, -2, 0],
						"0.8833": [1, 0, 0],
						"1.4333": [-2.05, -2, 0],
						"1.8833": [-4, 0, 0]
					}
				},
				"bone54": {
					"rotation": [70, 0, 0],
					"position": [0, 13, 19]
				},
				"bone81": {
					"rotation": [70, 0, 0],
					"position": [0, 13, 19]
				},
				"bone57": {
					"rotation": {
						"0.0": [80, 0, 0],
						"0.2333": [80, 0, 0],
						"0.4833": [80, 0, 0],
						"0.9167": [80, 0, 0],
						"1.2": [80, 0, 0],
						"1.4333": [80, 0, 0],
						"1.8833": [80, 0, 0]
					},
					"position": {
						"0.0": [0, 26, 4],
						"0.2333": [0, 26, 4],
						"0.4833": [0, 26, 4],
						"0.9167": [0, 26, 4],
						"1.2": [0, 26, 4],
						"1.4333": [0, 26, 4],
						"1.8833": [0, 26, 4]
					}
				},
				"bone71": {
					"rotation": {
						"0.0": [80, 0, 0],
						"0.4333": [80, 0, 0],
						"0.6833": [80, 0, 0],
						"0.9167": [80, 0, 0],
						"1.3667": [80, 0, 0],
						"1.6333": [80, 0, 0],
						"1.8833": [80, 0, 0]
					},
					"position": {
						"0.0": [0, 26, 4],
						"0.4333": [0, 26, 4],
						"0.6833": [0, 26, 4],
						"0.9167": [0, 26, 4],
						"1.3667": [0, 26, 4],
						"1.6333": [0, 26, 4],
						"1.8833": [0, 26, 4]
					}
				},
				"bone46": {
					"rotation": {
						"0.0": [-5, 0, 5],
						"0.5167": [2.5, 0, 0],
						"1.1667": [-5, 0, -5],
						"1.4333": [2.5, 0, 0],
						"1.8833": [-5, 0, 5]
					},
					"position": {
						"0.0": [-5, 0, 0],
						"1.1667": [2, 0, 0],
						"1.8833": [-5, 0, 0]
					}
				},
				"bone32": {
					"rotation": {
						"0.0": [60, 0, 0],
						"0.8167": [83, 0, 0],
						"1.1167": [83, 0, 0],
						"1.8667": [60, 0, 0]
					},
					"position": {
						"0.0": [0, -0.5, -2.8],
						"0.8167": [0, -1.02, -4.44],
						"1.1167": [0, -1.02, -4.44],
						"1.8833": [0, -0.5, -2.8]
					}
				},
				"bone2": {
					"rotation": {
						"0.0": [60, 0, 0],
						"0.8167": [83, 0, 0],
						"1.1167": [83, 0, 0],
						"1.8667": [60, 0, 0]
					},
					"position": {
						"0.0": [0, -1.2, 7.2],
						"0.8167": [0, 0.38, 9.46],
						"1.1167": [0, 0.38, 9.46],
						"1.8833": [0, -1.2, 7.2]
					}
				},
				"bone6": {
					"rotation": {
						"0.0": [-60, 0, 0],
						"0.8167": [-83, 0, 0],
						"1.2": [-83, 0, 0],
						"1.8833": [-60, 0, 0]
					},
					"position": {
						"0.0": [0, -1.9, 0.4],
						"0.8167": [0, -1.32, 0.06],
						"1.2": [0, -1.32, 0.06],
						"1.8833": [0, -1.9, 0.4]
					}
				},
				"bone10": {
					"rotation": {
						"0.0": [-60, 0, 0],
						"0.8167": [-83, 0, 0],
						"1.2": [-83, 0, 0],
						"1.8833": [-60, 0, 0]
					},
					"position": {
						"0.0": [0, -1.3, -5.1],
						"0.8167": [0, 0.98, -8.24],
						"1.2": [0, 0.98, -8.24],
						"1.8833": [0, -1.3, -5.1]
					}
				}
			}
		},
		"animation.dimetrodon.move": {
			"loop": true,
			"animation_length": 1.04,
			"bones": {
				"bone32": {
					"rotation": {
						"0.0": [27.5, 0, 0],
						"0.52": [-27.5, 0, 0],
						"1.04": [27.5, 0, 0]
					},
					"position": {
						"0.0": [0, 1.2, -1.7],
						"0.52": [0, -1.9, 2.2],
						"1.04": [0, 1.2, -1.7]
					}
				},
				"bone2": {
					"rotation": {
						"0.0": [-26, 0, 0],
						"0.52": [30, 0, 0],
						"1.04": [-26, 0, 0]
					},
					"position": {
						"0.0": [0, 1.7, -1.7],
						"0.52": [0, -1, 3],
						"1.04": [0, 1.7, -1.7]
					}
				},
				"bone6": {
					"rotation": {
						"0.0": [-27.5, 0, 0],
						"0.52": [27.5, 0, 0],
						"1.04": [-27.5, 0, 0]
					},
					"position": {
						"0.0": [0, -1, 0.5],
						"0.52": [0, -0.1, 0.5],
						"1.04": [0, -1, 0.5]
					}
				},
				"bone10": {
					"rotation": {
						"0.0": [27.5, 0, 0],
						"0.52": [-27.5, 0, 0],
						"1.04": [27.5, 0, 0]
					},
					"position": {
						"0.0": [0, 1.6, 2.4],
						"0.52": [0, -1.1, -1.9],
						"1.04": [0, 1.9, 2.4]
					}
				}
			}
		},
		"animation.dimetrodon.attack": {
			"loop": true,
			"animation_length": 1.0833,
			"bones": {
				"bone24": {
					"rotation": {
						"0.0": [0, 0, 0],
						"0.4": [0, 0, -30],
						"0.8": [0, 25, 25],
						"1.0833": [0, 0, 0]
					},
					"position": {
						"0.0": [0, 0, 0],
						"1.0833": [0, 0, 0]
					}
				},
				"bone": {
					"rotation": {
						"0.0": [0, 0, 0],
						"0.1833": [-8, 0, 0],
						"0.5167": [-8, 0, 0],
						"0.65": [-13.77, 0, 0],
						"0.9667": [-13.77, 0, 0],
						"1.0667": [0, 0, 0]
					},
					"position": {
						"0.0": [0, 0, 0],
						"0.1667": [0, 0, -4.9],
						"0.5": [0, 0, -4.9],
						"0.6333": [0, 1.6, -2.2],
						"1.0667": [0, 0, 0]
					}
				},
				"bone90": {
					"rotation": {
						"0.0": [0, 0, 0],
						"0.4333": [5, 0, 0],
						"0.5667": [-6.67, 0, 0],
						"0.8": [-15, 0, 0],
						"1.0833": [0, 0, 0]
					},
					"position": {
						"0.0": [0, 0, 0],
						"0.4333": [0, 0, 0],
						"1.0833": [0, 0, 0]
					}
				},
				"boca": {
					"rotation": {
						"0.0": [0, 0, 0],
						"0.2333": [32.5, 0, 0],