
{
	"format_version" : "1.8.0",
	"animations" : {

		"animation.velonasaur_r.move" : {
			"animation_length": 1.08,
			"loop" : true,
			"bones": {
				"body": {
					"rotation": {
						"0.0": [0, 0, 0],
						"0.52": [5, 0, 0],
						"1.04": [0, 0, 0]
					},
					"position": {
						"0.0": [0, 0, 0],
						"0.52": [0, -1, 1.1],
						"1.04": [0, 0, 0]
					}
				},
				"BodyR": {
					"rotation": {
						"0.0": [-0.00474, -2.4905, -0.21803],
						"0.52": [-0.00474, 2.49048, -0.21803],
						"1.08": [-0.00474, -2.4905, -0.21803]
					},
					"position": {
						"0.0": [0, 0, 0],
						"0.52": [0, 0, 0],
						"1.08": [0, 0, 0]
					}
				},
				"bone": {
					"rotation": {
						"0.0": [-0.00474, -2.4905, -0.21803],
						"0.52": [-0.00474, 2.49048, -0.21803],
						"1.08": [-0.00474, -2.4905, -0.21803]
					}
				},
				"bone2": {
					"rotation": {
						"0.0": [-0.00238, -2.4976, -0.10912],
						"0.52": [-0.00238, 2.49762, -0.10912],
						"1.08": [-0.00238, -2.4976, -0.10912]
					}
				},
				"bone3": {
					"rotation": {
						"0.0": [0.00474, -2.4905, 0.21803],
						"0.52": [0.00474, 2.49048, 0.21803],
						"1.08": [0.00474, -2.4905, 0.21803]
					}
				},
				"Fingers": {
					"rotation": {
						"0.0": [0, 0, 0],
						"0.28": [27.5, 0, 0],
						"0.8": [-27.5, 0, 0],
						"1.08": [0, 0, 0]
					},
					"position": {
						"0.0": [0, 0, 0],
						"1.08": [0, 0, 0]
					}
				},
				"Fingers2": {
					"rotation": {
						"0.0": [0, 0, 0],
						"0.28": [-27.5, 0, 0],
						"0.8": [27.5, 0, 0],
						"1.08": [0, 0, 0]
					},
					"position": {
						"0.0": [0, 0, 0],
						"1.08": [0, 0, 0]
					}
				},
				"Leg": {
					"rotation": {
						"0.0": [0, 0, 0],
						"0.24": [-34.42308, 0, 0],
						"0.52": [-15, 0, 0],
						"0.76": [19.42308, 0, 0],
						"1.04": [0, 0, 0]
					},
					"position": {
						"0.0": [0, 0, 0],
						"0.52": [0, 0, 0],
						"1.04": [0, 0, 0]
					}
				},
				"bone6": {
					"rotation": {
						"0.0": [0, 0, 0],
						"0.52": [40, 0, 0],
						"1.04": [0, 0, 0]
					},
					"position": {
						"0.0": [0, 0, 0],
						"1.04": [0, 0, 0]
					},
					"scale": 1
				},
				"Leg2": {
					"rotation": {
						"0.0": [0, 0, 0],
						"0.28": [19.42308, 0, 0],
						"0.52": [-15, 0, 0],
						"0.76": [-34.42308, 0, 0],
						"1.04": [0, 0, 0]
					},
					"position": {
						"0.0": [0, 0, 0],
						"0.52": [0, 0, 0],
						"1.04": [0, 0, 0]
					}
				},
				"bone9": {
					"rotation": {
						"0.0": [0, 0, 0],
						"0.52": [40, 0, 0],
						"1.04": [0, 0, 0]
					},
					"position": {
						"0.0": [0, 0, 0],
						"1.04": [0, 0, 0]
					}
				}
			}
			},
		"animation.velonasaur_r.dis" : {
			"loop": true,
			"bones": {
				"Velo": {
					"rotation": [0, 0, 0]
				},
				"bodyl": {
					"rotation": [32.5, 0, 0],
					"position": [0, -3.9, 0]
				},
				"neck": {
					"rotation": [12.5, 0, 0]
				},
				"head": {
					"rotation": [-40, 0, 0]
				},
				"jaw": {
					"rotation": [52.5, 0, 0]
				},
				"BodyR": {
					"rotation": [32.5, 0, 0]
				},
				"bone2": {
					"rotation": [12.5, 0, 0]
				},
				"bone3": {
					"rotation": [12.5, 0, 0]
				},
				"bone11": {
					"rotation": [30, 0, 0]
				},
				"bone12": {
					"rotation": [-57.5, 0, 0],
					"position": [0, 0.7, 0.5]
				},
				"bone13": {
					"rotation": [30, 0, 0]
				},
				"bone14": {
					"rotation": [-57.5, 0, 0],
					"position": [0, 0.7, 0.5]
				},
				"bone15": {
					"rotation": [15, 0, 0],
					"position": [0, -1.3, 2.6]
				}
			}
		}
	}
}
